fips,name,state,japanese_pop,total_pop,japanese_pct
13101,"Echols County","Georgia",0,3709,0
18167,"Vigo County","Indiana",90,106109,0.08
23031,"York County","Maine",292,216731,0.13
27031,"Cook County","Minnesota",0,5635,0
38013,"Burke County","North Dakota",2,2156,0.09
38077,"Richland County","North Dakota",39,16584,0.24
08089,"Otero County","Colorado",17,18321,0.09
02240,"Southeast Fairbanks Census Area","Alaska",27,7068,0.38
05079,"Lincoln County","Arkansas",0,12950,0
13315,"Wilcox County","Georgia",0,8798,0
17147,"Piatt County","Illinois",3,16695,0.02
18041,"Fayette County","Indiana",0,23334,0
19135,"Monroe County","Iowa",0,7513,0
28057,"Itawamba County","Mississippi",0,24036,0
19195,"Worth County","Iowa",16,7350,0.22
36109,"Tompkins County","New York",670,104537,0.64
38103,"Wells County","North Dakota",0,3890,0
47177,"Warren County","Tennessee",10,42166,0.02
48067,"Cass County","Texas",10,28568,0.04
51690,"Martinsville city","Virginia",0,13658,0
51720,"Norton city","Virginia",0,3577,0
72101,"Morovis Municipio","Puerto Rico",0,28397,0
48239,"Jackson County","Texas",0,15152,0
20077,"Harper County","Kansas",0,5400,0
01027,"Clay County","Alabama",0,14192,0
20147,"Phillips County","Kansas",0,4813,0
37165,"Scotland County","North Carolina",7,33590,0.02
48295,"Lipscomb County","Texas",0,2918,0
02220,"Sitka City and Borough","Alaska",63,8368,0.75
13233,"Polk County","Georgia",32,43785,0.07
18053,"Grant County","Indiana",36,66295,0.05
18113,"Noble County","Indiana",30,47495,0.06
19021,"Buena Vista County","Iowa",14,20753,0.07
26025,"Calhoun County","Michigan",336,133778,0.25
29159,"Pettis County","Missouri",15,43397,0.03
31185,"York County","Nebraska",74,14286,0.52
39149,"Shelby County","Ohio",135,47929,0.28
45087,"Union County","South Carolina",9,26885,0.03
31011,"Boone County","Nebraska",0,5356,0
50009,"Essex County","Vermont",8,5982,0.13
55005,"Barron County","Wisconsin",35,46797,0.07
72075,"Juana Díaz Municipio","Puerto Rico",0,46156,0
48191,"Hall County","Texas",0,2820,0
48211,"Hemphill County","Texas",0,3234,0
48263,"Kent County","Texas",20,734,2.72
06037,"Los Angeles County","California",147489,9808667,1.5
02100,"Haines Borough","Alaska",37,2086,1.77
20175,"Seward County","Kansas",46,21486,0.21
26019,"Benzie County","Michigan",38,18310,0.21
37157,"Rockingham County","North Carolina",203,92131,0.22
39039,"Defiance County","Ohio",26,38343,0.07
48111,"Dallam County","Texas",0,7298,0
13005,"Bacon County","Georgia",0,11109,0
18021,"Clay County","Indiana",0,26409,0
19099,"Jasper County","Iowa",53,37954,0.14
21001,"Adair County","Kentucky",0,19089,0
26123,"Newaygo County","Michigan",41,50792,0.08
19177,"Van Buren County","Iowa",0,7241,0
29083,"Henry County","Missouri",106,22328,0.47
20067,"Grant County","Kansas",0,7229,0
39037,"Darke County","Ohio",18,51594,0.03
46035,"Davison County","South Dakota",1,19952,0.01
48019,"Bandera County","Texas",56,22021,0.25
31075,"Grant County","Nebraska",0,626,0
51540,"Charlottesville city","Virginia",115,45437,0.25
38075,"Renville County","North Dakota",0,2304,0
48109,"Culberson County","Texas",0,2195,0
01003,"Baldwin County","Alabama",377,246989,0.15
32003,"Clark County","Nevada",29008,2329548,1.25
12033,"Escambia County","Florida",1370,325923,0.42
12091,"Okaloosa County","Florida",855,216599,0.39
24011,"Caroline County","Maryland",59,33669,0.18
42001,"Adams County","Pennsylvania",42,106115,0.04
46099,"Minnehaha County","South Dakota",672,203289,0.33
13307,"Webster County","Georgia",0,2381,0
18049,"Fulton County","Indiana",0,20312,0
20145,"Pawnee County","Kansas",0,6144,0
26009,"Antrim County","Michigan",0,24127,0
27065,"Kanabec County","Minnesota",19,16390,0.12
31151,"Saline County","Nebraska",9,14650,0.06
31001,"Adams County","Nebraska",50,31052,0.16
39147,"Seneca County","Ohio",84,54770,0.15
46007,"Bennett County","South Dakota",0,3345,0
46025,"Clark County","South Dakota",0,3917,0
31035,"Clay County","Nebraska",0,6095,0
48227,"Howard County","Texas",5,32290,0.02
48285,"Lavaca County","Texas",65,20552,0.32
55045,"Green County","Wisconsin",104,37017,0.28
48507,"Zavala County","Texas",0,9412,0
20081,"Haskell County","Kansas",0,3641,0
20135,"Ness County","Kansas",1,2653,0.04
20109,"Logan County","Kansas",0,2707,0
31113,"Logan County","Nebraska",0,773,0
01031,"Coffee County","Alabama",236,54920,0.43
06031,"Kings County","California",705,153298,0.46
27017,"Carlton County","Minnesota",68,36518,0.19
38021,"Dickey County","North Dakota",0,4935,0
02050,"Bethel Census Area","Alaska",0,18394,0
13261,"Sumter County","Georgia",90,29061,0.31
13165,"Jenkins County","Georgia",0,8711,0
19083,"Hardin County","Iowa",1,16639,0.01
19093,"Ida County","Iowa",3,6911,0.04
20203,"Wichita County","Kansas",0,2091,0
27005,"Becker County","Minnesota",85,35343,0.24
28137,"Tate County","Mississippi",0,28321,0
31081,"Hamilton County","Nebraska",43,9464,0.45
39173,"Wood County","Ohio",84,132064,0.06
46057,"Hamlin County","South Dakota",14,6373,0.22
48441,"Taylor County","Texas",317,145863,0.22
48139,"Ellis County","Texas",119,213160,0.06
51840,"Winchester city","Virginia",46,27913,0.16
55033,"Dunn County","Wisconsin",56,45527,0.12
72019,"Barranquitas Municipio","Puerto Rico",0,29054,0
31171,"Thomas County","Nebraska",0,564,0
04007,"Gila County","Arizona",20,53795,0.04
21117,"Kenton County","Kentucky",320,171288,0.19
23009,"Hancock County","Maine",91,56460,0.16
24043,"Washington County","Maryland",327,155709,0.21
44001,"Bristol County","Rhode Island",78,50490,0.15
51520,"Bristol city","Virginia",0,16849,0
13123,"Gilmer County","Georgia",54,32426,0.17
16065,"Madison County","Idaho",147,54618,0.27
17065,"Hamilton County","Illinois",0,7916,0
20073,"Greenwood County","Kansas",1,5919,0.02
26117,"Montcalm County","Michigan",92,67816,0.14
28071,"Lafayette County","Mississippi",51,58327,0.09
31109,"Lancaster County","Nebraska",674,326696,0.21
36123,"Yates County","New York",9,24526,0.04
39047,"Fayette County","Ohio",120,28876,0.42
41023,"Grant County","Oregon",11,7209,0.15
48309,"McLennan County","Texas",261,266067,0.1
48367,"Parker County","Texas",119,165168,0.07
29215,"Texas County","Missouri",44,25161,0.17
72091,"Manatí Municipio","Puerto Rico",0,38943,0
48271,"Kinney County","Texas",0,3157,0
31163,"Sherman County","Nebraska",0,2967,0
13213,"Murray County","Georgia",0,40562,0
16049,"Idaho County","Idaho",34,17432,0.2
28093,"Marshall County","Mississippi",0,33979,0
38009,"Bottineau County","North Dakota",11,6378,0.17
08065,"Lake County","Colorado",9,7380,0.12
17199,"Williamson County","Illinois",25,66876,0.04
19127,"Marshall County","Iowa",22,40114,0.05
19065,"Fayette County","Iowa",32,19288,0.17
26077,"Kalamazoo County","Michigan",403,262375,0.15
29123,"Madison County","Missouri",13,12729,0.1
31111,"Lincoln County","Nebraska",121,33802,0.36
20187,"Stanton County","Kansas",0,2038,0
39023,"Clark County","Ohio",242,135158,0.18
45023,"Chester County","South Carolina",18,32182,0.06
48463,"Uvalde County","Texas",20,24881,0.08
28079,"Leake County","Mississippi",0,21319,0
72077,"Juncos Municipio","Puerto Rico",0,36829,0
38041,"Hettinger County","North Dakota",0,2432,0
51685,"Manassas Park city","Virginia",64,16798,0.38
13125,"Glascock County","Georgia",0,2932,0
30051,"Liberty County","Montana",0,1952,0
29510,"St. Louis city","Missouri",688,288512,0.24
08001,"Adams County","Colorado",2375,530225,0.45
12111,"St. Lucie County","Florida",512,360500,0.14
53033,"King County","Washington",44861,2287171,1.96
02230,"Skagway Municipality","Alaska",59,1244,4.74
13113,"Fayette County","Georgia",1187,122244,0.97
18065,"Henry County","Indiana",29,48970,0.06
20047,"Edwards County","Kansas",0,2779,0
17045,"Edgar County","Illinois",73,16535,0.44
28101,"Newton County","Mississippi",63,21093,0.3
20069,"Gray County","Kansas",0,5701,0
38081,"Sargent County","North Dakota",0,3804,0
39073,"Hocking County","Ohio",0,27799,0
48207,"Haskell County","Texas",1,5421,0.02
48081,"Coke County","Texas",0,3353,0
48125,"Dickens County","Texas",0,1747,0
48089,"Colorado County","Texas",133,21006,0.63
72057,"Guayama Municipio","Puerto Rico",0,35298,0
46073,"Jerauld County","South Dakota",1,1772,0.06
54105,"Wirt County","West Virginia",0,5053,0
35011,"De Baca County","New Mexico",0,1576,0
20059,"Franklin County","Kansas",41,26106,0.16
38065,"Oliver County","North Dakota",0,1839,0
19159,"Ringgold County","Iowa",0,4645,0
17117,"Macoupin County","Illinois",18,44350,0.04
17123,"Marshall County","Illinois",1,11647,0.01
19179,"Wapello County","Iowa",39,35362,0.11
19187,"Webster County","Iowa",5,36886,0.01
19003,"Adams County","Iowa",0,3622,0
17155,"Putnam County","Illinois",5,5601,0.09
17159,"Richland County","Illinois",0,15598,0
19019,"Buchanan County","Iowa",12,20694,0.06
17189,"Washington County","Illinois",0,13627,0
19033,"Cerro Gordo County","Iowa",0,42632,0
20169,"Saline County","Kansas",47,53668,0.09
21187,"Owen County","Kentucky",0,11330,0
04015,"Mohave County","Arizona",503,220517,0.23
46015,"Brule County","South Dakota",0,5283,0
16009,"Benewah County","Idaho",0,10142,0
48195,"Hansford County","Texas",0,5119,0
72069,"Humacao Municipio","Puerto Rico",0,50100,0
19117,"Lucas County","Iowa",7,8716,0.08
47007,"Bledsoe County","Tennessee",0,15032,0
17103,"Lee County","Illinois",15,33869,0.04
16047,"Gooding County","Idaho",21,15931,0.13
38051,"McIntosh County","North Dakota",7,2497,0.28
33007,"Coos County","New Hampshire",16,31271,0.05
42105,"Potter County","Pennsylvania",23,16188,0.14
38095,"Towner County","North Dakota",0,2079,0
26073,"Isabella County","Michigan",51,64565,0.08
35041,"Roosevelt County","New Mexico",0,18928,0
31167,"Stanton County","Nebraska",0,5796,0
39079,"Jackson County","Ohio",0,32650,0
38003,"Barnes County","North Dakota",0,10773,0
38039,"Griggs County","North Dakota",0,2245,0
42113,"Sullivan County","Pennsylvania",0,5888,0
20001,"Allen County","Kansas",4,12483,0.03
48087,"Collingsworth County","Texas",0,2588,0
48093,"Comanche County","Texas",0,13950,0
48107,"Crosby County","Texas",0,5041,0
19063,"Emmet County","Iowa",0,9262,0
19067,"Floyd County","Iowa",0,15328,0
37069,"Franklin County","North Carolina",24,74386,0.03
17041,"Douglas County","Illinois",21,19751,0.11
20111,"Lyon County","Kansas",90,32186,0.28
26065,"Ingham County","Michigan",1072,283913,0.38
26075,"Jackson County","Michigan",244,160060,0.15
26081,"Kent County","Michigan",1500,663150,0.23
21175,"Morgan County","Kentucky",13,14053,0.09
55055,"Jefferson County","Wisconsin",82,86003,0.1
27039,"Dodge County","Minnesota",112,21045,0.53
26127,"Oceana County","Michigan",4,26915,0.01
17031,"Cook County","Illinois",20631,5182090,0.4
17049,"Effingham County","Illinois",4,34522,0.01
17047,"Edwards County","Illinois",0,6075,0
21023,"Bracken County","Kentucky",4,8444,0.05
27041,"Douglas County","Minnesota",24,39575,0.06
40073,"Kingfisher County","Oklahoma",1,15430,0.01
46003,"Aurora County","South Dakota",0,2642,0
46125,"Turner County","South Dakota",12,8882,0.14
46005,"Beadle County","South Dakota",0,19309,0
48003,"Andrews County","Texas",0,18610,0
47021,"Cheatham County","Tennessee",0,41829,0
48013,"Atascosa County","Texas",0,51008,0
42017,"Bucks County","Pennsylvania",1153,647461,0.18
42025,"Carbon County","Pennsylvania",41,65382,0.06
46059,"Hand County","South Dakota",0,3140,0
46077,"Kingsbury County","South Dakota",0,5244,0
46087,"McCook County","South Dakota",0,5751,0
46097,"Miner County","South Dakota",0,2300,0
49021,"Iron County","Utah",361,62252,0.58
56035,"Sublette County","Wyoming",0,8838,0
55069,"Lincoln County","Wisconsin",58,28426,0.2
78010,"St. Croix Island","United States Virgin Islands",0,0,0
30037,"Golden Valley County","Montana",0,899,0
45061,"Lee County","South Carolina",0,16166,0
48047,"Brooks County","Texas",0,6943,0
55107,"Rusk County","Wisconsin",12,14179,0.08
56027,"Niobrara County","Wyoming",0,2368,0
51065,"Fluvanna County","Virginia",133,28092,0.47
51043,"Clarke County","Virginia",84,15216,0.55
27101,"Murray County","Minnesota",23,8097,0.28
48053,"Burnet County","Texas",95,52652,0.18
27117,"Pipestone County","Minnesota",4,9284,0.04
27133,"Rock County","Minnesota",0,9621,0
51111,"Lunenburg County","Virginia",0,12016,0
27147,"Steele County","Minnesota",37,37439,0.1
29051,"Cole County","Missouri",107,77032,0.14
01057,"Fayette County","Alabama",0,16053,0
20029,"Cloud County","Kansas",24,8898,0.27
17017,"Cass County","Illinois",0,12784,0
47033,"Crockett County","Tennessee",27,13944,0.19
13247,"Rockdale County","Georgia",136,95281,0.14
31045,"Dawes County","Nebraska",19,8140,0.23
16063,"Lincoln County","Idaho",10,5358,0.19
16067,"Minidoka County","Idaho",159,22208,0.72
17025,"Clay County","Illinois",0,13052,0
29221,"Washington County","Missouri",13,23470,0.06
42083,"McKean County","Pennsylvania",31,39904,0.08
29121,"Macon County","Missouri",0,15163,0
27161,"Waseca County","Minnesota",23,18885,0.12
42093,"Montour County","Pennsylvania",5,18103,0.03
26143,"Roscommon County","Michigan",27,23737,0.11
29011,"Barton County","Missouri",14,11690,0.12
38017,"Cass County","North Dakota",365,193400,0.19
31119,"Madison County","Nebraska",21,35532,0.06
38031,"Foster County","North Dakota",0,3358,0
31135,"Perkins County","Nebraska",9,2821,0.32
06091,"Sierra County","California",0,2746,0
19047,"Crawford County","Iowa",35,16277,0.22
17095,"Knox County","Illinois",17,49046,0.03
17099,"LaSalle County","Illinois",85,108714,0.08
08063,"Kit Carson County","Colorado",21,7023,0.3
39109,"Miami County","Ohio",928,110296,0.84
48283,"La Salle County","Texas",0,6839,0
12093,"Okeechobee County","Florida",133,40816,0.33
16037,"Custer County","Idaho",41,4470,0.92
08095,"Phillips County","Colorado",0,4496,0
19113,"Linn County","Iowa",223,230004,0.1
19137,"Montgomery County","Iowa",26,10214,0.25
13061,"Clay County","Georgia",0,2850,0
39139,"Richland County","Ohio",104,125099,0.08
13091,"Dodge County","Georgia",0,19805,0
19153,"Polk County","Iowa",811,503175,0.16
48445,"Terry County","Texas",0,11629,0
48447,"Throckmorton County","Texas",0,1639,0
17035,"Cumberland County","Illinois",0,10334,0
39159,"Union County","Ohio",448,67324,0.67
13171,"Lamar County","Georgia",0,19571,0
39011,"Auglaize County","Ohio",7,46125,0.02
13207,"Monroe County","Georgia",1,29664,0
39063,"Hancock County","Ohio",60,74866,0.08
48501,"Yoakum County","Texas",0,7571,0
13159,"Jasper County","Georgia",0,15929,0
13257,"Stephens County","Georgia",22,27012,0.08
19035,"Cherokee County","Iowa",112,11600,0.97
05025,"Cleveland County","Arkansas",24,7453,0.32
19017,"Bremer County","Iowa",32,25204,0.13
41055,"Sherman County","Oregon",3,1938,0.15
13175,"Laurens County","Georgia",0,49798,0
13167,"Johnson County","Georgia",0,9190,0
41065,"Wasco County","Oregon",5,26552,0.02
05123,"St. Francis County","Arkansas",0,22400,0
02013,"Aleutians East Borough","Alaska",4,3491,0.11
02130,"Ketchikan Gateway Borough","Alaska",43,13768,0.31
27113,"Pennington County","Minnesota",0,13791,0
27125,"Red Lake County","Minnesota",0,3915,0
39115,"Morgan County","Ohio",0,13651,0
28019,"Choctaw County","Mississippi",14,8118,0.17
29079,"Grundy County","Missouri",1,9787,0.01
19075,"Grundy County","Iowa",1,12384,0.01
48219,"Hockley County","Texas",0,21363,0
48397,"Rockwall County","Texas",278,123617,0.22
48413,"Schleicher County","Texas",0,2381,0
40107,"Okfuskee County","Oklahoma",19,11278,0.17
27149,"Stevens County","Minnesota",0,9739,0
31005,"Arthur County","Nebraska",0,484,0
29039,"Cedar County","Missouri",0,14615,0
48437,"Swisher County","Texas",0,6937,0
31049,"Deuel County","Nebraska",4,1847,0.22
48345,"Motley County","Texas",0,1183,0
06065,"Riverside County","California",17471,2478600,0.7
13149,"Heard County","Georgia",0,11773,0
31007,"Banner County","Nebraska",0,742,0
38069,"Pierce County","North Dakota",0,3928,0
37033,"Caswell County","North Carolina",55,22404,0.25
31057,"Dundy County","Nebraska",0,1736,0
48189,"Hale County","Texas",0,32131,0
38083,"Sheridan County","North Dakota",0,1303,0
05061,"Howard County","Arkansas",17,12583,0.14
29175,"Randolph County","Missouri",33,24365,0.14
51570,"Colonial Heights city","Virginia",69,18352,0.38
29177,"Ray County","Missouri",4,23145,0.02
51620,"Franklin city","Virginia",0,8250,0
20013,"Brown County","Kansas",1,9343,0.01
51678,"Lexington city","Virginia",46,7525,0.61
51730,"Petersburg city","Virginia",61,33537,0.18
19001,"Adair County","Iowa",5,7460,0.07
18073,"Jasper County","Indiana",49,33234,0.15
12027,"DeSoto County","Florida",16,35386,0.05
01021,"Chilton County","Alabama",48,45992,0.1
40037,"Creek County","Oklahoma",22,72830,0.03
48269,"King County","Texas",0,211,0
37169,"Stokes County","North Carolina",14,45139,0.03
40019,"Carter County","Oklahoma",0,48555,0
40063,"Hughes County","Oklahoma",18,13389,0.13
40099,"Murray County","Oklahoma",0,13753,0
40061,"Haskell County","Oklahoma",17,11683,0.15
01105,"Perry County","Alabama",5,8031,0.06
02290,"Yukon-Koyukuk Census Area","Alaska",0,5195,0
01075,"Lamar County","Alabama",0,13693,0
05043,"Drew County","Arkansas",0,17046,0
28043,"Grenada County","Mississippi",0,21217,0
29025,"Caldwell County","Missouri",17,8927,0.19
30021,"Dawson County","Montana",60,8827,0.68
48209,"Hays County","Texas",828,268638,0.31
48235,"Irion County","Texas",0,1409,0
48021,"Bastrop County","Texas",264,106582,0.25
53067,"Thurston County","Washington",3822,299067,1.28
28067,"Jones County","Mississippi",15,66472,0.02
28069,"Kemper County","Mississippi",0,8729,0
32027,"Pershing County","Nevada",0,6487,0
32029,"Storey County","Nevada",4,4140,0.1
72135,"Toa Alta Municipio","Puerto Rico",0,66320,0
72015,"Arroyo Municipio","Puerto Rico",0,15341,0
72149,"Villalba Municipio","Puerto Rico",0,21556,0
36103,"Suffolk County","New York",2193,1530146,0.14
15009,"Maui County","Hawaii",23883,164522,14.52
47141,"Putnam County","Tennessee",133,82558,0.16
27057,"Hubbard County","Minnesota",22,21831,0.1
38089,"Stark County","North Dakota",67,33302,0.2
02180,"Nome Census Area","Alaska",11,9866,0.11
02188,"Northwest Arctic Borough","Alaska",44,7441,0.59
20159,"Rice County","Kansas",19,9350,0.2
41021,"Gilliam County","Oregon",2,1971,0.1
26035,"Clare County","Michigan",16,31218,0.05
26051,"Gladwin County","Michigan",11,25693,0.04
38049,"McHenry County","North Dakota",21,5207,0.4
17187,"Warren County","Illinois",47,16447,0.29
20105,"Lincoln County","Kansas",14,2923,0.48
13021,"Bibb County","Georgia",206,156578,0.13
55039,"Fond du Lac County","Wisconsin",93,104137,0.09
18015,"Carroll County","Indiana",0,20535,0
20141,"Osborne County","Kansas",6,3452,0.17
20163,"Rooks County","Kansas",0,4813,0
20167,"Russell County","Kansas",22,6679,0.33
60030,"Rose Island","American Samoa",0,0,0
60040,"Swains Island","American Samoa",0,0,0
72121,"Sabana Grande Municipio","Puerto Rico",0,22407,0
72009,"Aibonito Municipio","Puerto Rico",0,24636,0
38019,"Cavalier County","North Dakota",0,3633,0
18069,"Huntington County","Indiana",29,36798,0.08
20087,"Jefferson County","Kansas",48,18349,0.26
19031,"Cedar County","Iowa",8,18349,0.04
18067,"Howard County","Indiana",117,83752,0.14
38047,"Logan County","North Dakota",0,1819,0
18159,"Tipton County","Indiana",0,15346,0
40021,"Cherokee County","Oklahoma",56,47942,0.12
46085,"Lyman County","South Dakota",5,3724,0.13
55077,"Marquette County","Wisconsin",0,15746,0
20089,"Jewell County","Kansas",7,2916,0.24
20101,"Lane County","Kansas",0,1461,0
46029,"Codington County","South Dakota",64,28767,0.22
27087,"Mahnomen County","Minnesota",6,5358,0.11
20179,"Sheridan County","Kansas",0,2426,0
22007,"Assumption Parish","Louisiana",0,20484,0
22029,"Concordia Parish","Louisiana",0,18174,0
29015,"Benton County","Missouri",22,20151,0.11
05141,"Van Buren County","Arkansas",37,15998,0.23
48031,"Blanco County","Texas",134,12446,1.08
48267,"Kimble County","Texas",0,4389,0
29067,"Douglas County","Missouri",79,11965,0.66
08011,"Bent County","Colorado",6,5549,0.11
48115,"Dawson County","Texas",0,12134,0
30029,"Flathead County","Montana",124,110695,0.11
48301,"Loving County","Texas",0,33,0
51800,"Suffolk city","Virginia",126,98796,0.13
29203,"Shannon County","Missouri",0,7177,0
48415,"Scurry County","Texas",1,16488,0.01
48431,"Sterling County","Texas",0,1468,0
08073,"Lincoln County","Colorado",0,5550,0
48169,"Garza County","Texas",0,5118,0
48417,"Shackelford County","Texas",0,3175,0
48433,"Stonewall County","Texas",0,1227,0
40051,"Grady County","Oklahoma",89,56606,0.16
40017,"Canadian County","Oklahoma",236,168985,0.14
48449,"Titus County","Texas",0,31363,0
31071,"Garfield County","Nebraska",0,1718,0
48223,"Hopkins County","Texas",0,37784,0
36007,"Broome County","New York",350,197378,0.18
26023,"Branch County","Michigan",76,45300,0.17
27045,"Fillmore County","Minnesota",4,21414,0.02
39161,"Van Wert County","Ohio",0,28826,0
13075,"Cook County","Georgia",0,17532,0
13249,"Schley County","Georgia",0,4513,0
17139,"Moultrie County","Illinois",0,14424,0
19169,"Story County","Iowa",396,100466,0.39
28115,"Pontotoc County","Mississippi",8,31550,0.03
29057,"Dade County","Missouri",0,7641,0
21061,"Edmonson County","Kentucky",0,12355,0
46039,"Deuel County","South Dakota",0,4328,0
29229,"Wright County","Missouri",63,18965,0.33
48059,"Callahan County","Texas",39,14241,0.27
51595,"Emporia city","Virginia",0,5547,0
72079,"Lajas Municipio","Puerto Rico",0,23035,0
31183,"Wheeler County","Nebraska",0,847,0
02150,"Kodiak Island Borough","Alaska",19,12771,0.15
26069,"Iosco County","Michigan",30,25347,0.12
30001,"Beaverhead County","Montana",19,9713,0.2
51119,"Middlesex County","Virginia",0,10847,0
05129,"Searcy County","Arkansas",0,7859,0
18149,"Starke County","Indiana",6,23365,0.03
19123,"Mahaska County","Iowa",163,22021,0.74
20063,"Gove County","Kansas",0,2799,0
28131,"Stone County","Mississippi",2,18894,0.01
31159,"Seward County","Nebraska",18,17641,0.1
39065,"Hardin County","Ohio",71,30475,0.23
40015,"Caddo County","Oklahoma",38,26447,0.14
51600,"Fairfax city","Virginia",98,25026,0.39
51630,"Fredericksburg city","Virginia",64,28873,0.22
51063,"Floyd County","Virginia",9,15593,0.06
06083,"Santa Barbara County","California",4285,443701,0.97
13055,"Chattooga County","Georgia",79,25036,0.32
46119,"Sully County","South Dakota",0,1526,0
01103,"Morgan County","Alabama",43,124471,0.03
02063,"Chugach Census Area","Alaska",30,6862,0.44
19051,"Davis County","Iowa",5,9157,0.05
08121,"Washington County","Colorado",9,4831,0.19
46102,"Oglala Lakota County","South Dakota",16,13491,0.12
13079,"Crawford County","Georgia",42,12225,0.34
19041,"Clay County","Iowa",0,16461,0
27111,"Otter Tail County","Minnesota",261,60475,0.43
27131,"Rice County","Minnesota",45,67917,0.07
31097,"Johnson County","Nebraska",0,5261,0
39125,"Paulding County","Ohio",0,18791,0
48075,"Childress County","Texas",0,6743,0
18093,"Lawrence County","Indiana",4,45102,0.01
19103,"Johnson County","Iowa",584,156639,0.37
17129,"Menard County","Illinois",0,12095,0
28065,"Jefferson Davis County","Mississippi",0,11117,0
20195,"Trego County","Kansas",0,2777,0
37077,"Granville County","North Carolina",0,60877,0
29075,"Gentry County","Missouri",18,6245,0.29
48303,"Lubbock County","Texas",327,318884,0.1
72005,"Aguadilla Municipio","Puerto Rico",0,54137,0
51750,"Radford city","Virginia",35,16726,0.21
30079,"Prairie County","Montana",34,1250,2.72
54047,"McDowell County","West Virginia",0,17943,0
12007,"Bradford County","Florida",6,27885,0.02
12005,"Bay County","Florida",346,186393,0.19
72045,"Comerío Municipio","Puerto Rico",0,18711,0
72063,"Gurabo Municipio","Puerto Rico",0,40228,0
28031,"Covington County","Mississippi",0,18148,0
05111,"Poinsett County","Arkansas",0,22543,0
41009,"Columbia County","Oregon",564,53493,1.05
13083,"Dade County","Georgia",5,16165,0.03
13201,"Miller County","Georgia",0,5850,0
13287,"Turner County","Georgia",0,8939,0
28061,"Jasper County","Mississippi",0,16059,0
46045,"Edmunds County","South Dakota",0,4048,0
28039,"George County","Mississippi",91,25170,0.36
72111,"Peñuelas Municipio","Puerto Rico",0,19853,0
06071,"San Bernardino County","California",14031,2197104,0.64
31179,"Wayne County","Nebraska",38,9844,0.39
38045,"LaMoure County","North Dakota",0,4118,0
19073,"Greene County","Iowa",0,8688,0
20125,"Montgomery County","Kansas",270,30940,0.87
20191,"Sumner County","Kansas",36,22353,0.16
48127,"Dimmit County","Texas",0,8380,0
21221,"Trigg County","Kentucky",29,14315,0.2
17051,"Fayette County","Illinois",0,21315,0
48129,"Donley County","Texas",1,3257,0.03
46111,"Sanborn County","South Dakota",0,2384,0
46115,"Spink County","South Dakota",19,6219,0.31
46079,"Lake County","South Dakota",2,10972,0.02
02105,"Hoonah-Angoon Census Area","Alaska",23,2311,1
48023,"Baylor County","Texas",0,3485,0
46069,"Hyde County","South Dakota",0,1191,0
48251,"Johnson County","Texas",139,195597,0.07
48173,"Glasscock County","Texas",0,1068,0
48435,"Sutton County","Texas",0,3277,0
51820,"Waynesboro city","Virginia",48,22841,0.21
38043,"Kidder County","North Dakota",0,2377,0
20065,"Graham County","Kansas",0,2389,0
31085,"Hayes County","Nebraska",0,843,0
01007,"Bibb County","Alabama",0,22130,0
26017,"Bay County","Michigan",191,103008,0.19
42057,"Fulton County","Pennsylvania",6,14531,0.04
01013,"Butler County","Alabama",36,18630,0.19
17007,"Boone County","Illinois",75,53230,0.14
18079,"Jennings County","Indiana",92,27562,0.33
21109,"Jackson County","Kentucky",0,13086,0
28155,"Webster County","Mississippi",2,9972,0.02
20115,"Marion County","Kansas",27,11754,0.23
40049,"Garvin County","Oklahoma",0,25860,0
48399,"Runnels County","Texas",0,9874,0
48135,"Ector County","Texas",134,164654,0.08
55087,"Outagamie County","Wisconsin",469,192826,0.24
20201,"Washington County","Kansas",34,5533,0.61
49033,"Rich County","Utah",0,2631,0
02060,"Bristol Bay Borough","Alaska",1,918,0.11
17101,"Lawrence County","Illinois",0,15031,0
32009,"Esmeralda County","Nevada",0,1028,0
13057,"Cherokee County","Georgia",753,281032,0.27
13173,"Lanier County","Georgia",32,10221,0.31
17121,"Marion County","Illinois",11,37000,0.03
26155,"Shiawassee County","Michigan",130,67991,0.19
28107,"Panola County","Mississippi",0,32808,0
31073,"Gosper County","Nebraska",33,2040,1.62
39133,"Portage County","Ohio",220,161956,0.14
41001,"Baker County","Oregon",59,16840,0.35
48257,"Kaufman County","Texas",199,172604,0.12
51670,"Hopewell city","Virginia",70,22959,0.3
37065,"Edgecombe County","North Carolina",33,48736,0.07
48237,"Jack County","Texas",0,8882,0
31009,"Blaine County","Nebraska",0,422,0
13143,"Haralson County","Georgia",21,31285,0.07
20189,"Stevens County","Kansas",0,5162,0
12059,"Holmes County","Florida",0,19513,0
13211,"Morgan County","Georgia",3,21078,0.01
18075,"Jay County","Indiana",7,20229,0.03
20097,"Kiowa County","Kansas",0,2422,0
26067,"Ionia County","Michigan",28,66574,0.04
29109,"Lawrence County","Missouri",0,38593,0
31175,"Valley County","Nebraska",3,4066,0.07
31101,"Keith County","Nebraska",9,8219,0.11
39041,"Delaware County","Ohio",1003,226834,0.44
47083,"Houston County","Tennessee",30,8353,0.36
51790,"Staunton city","Virginia",144,25948,0.55
46107,"Potter County","South Dakota",0,2388,0
08053,"Hinsdale County","Colorado",0,1005,0
13281,"Towns County","Georgia",0,12913,0
46105,"Perkins County","South Dakota",0,3001,0
13031,"Bulloch County","Georgia",63,82683,0.08
18055,"Greene County","Indiana",22,31021,0.07
20123,"Mitchell County","Kansas",0,5779,0
29053,"Cooper County","Missouri",37,16824,0.22
21215,"Spencer County","Kentucky",0,20193,0
39067,"Harrison County","Ohio",6,14306,0.04
48335,"Mitchell County","Texas",0,9018,0
55135,"Waupaca County","Wisconsin",75,51569,0.15
72117,"Rincón Municipio","Puerto Rico",0,15378,0
48145,"Falls County","Texas",116,17291,0.67
48069,"Castro County","Texas",0,7344,0
17019,"Champaign County","Illinois",974,208741,0.47
19147,"Palo Alto County","Iowa",0,8863,0
19011,"Benton County","Iowa",7,25724,0.03
47111,"Macon County","Tennessee",31,26240,0.12
37151,"Randolph County","North Carolina",259,146348,0.18
38015,"Burleigh County","North Dakota",76,100600,0.08
16021,"Boundary County","Idaho",7,13172,0.05
21049,"Clark County","Kentucky",0,37192,0
02198,"Prince of Wales-Hyder Census Area","Alaska",29,5715,0.51
38063,"Nelson County","North Dakota",0,3016,0
27093,"Meeker County","Minnesota",7,23468,0.03
55085,"Oneida County","Wisconsin",15,38167,0.04
02164,"Lake and Peninsula Borough","Alaska",12,1013,1.18
12041,"Gilchrist County","Florida",0,19040,0
30033,"Garfield County","Montana",0,1094,0
37003,"Alexander County","North Carolina",0,36412,0
30049,"Lewis and Clark County","Montana",232,73464,0.32
48363,"Palo Pinto County","Texas",192,29295,0.66
05059,"Hot Spring County","Arkansas",19,33180,0.06
05065,"Izard County","Arkansas",4,14009,0.03
51530,"Buena Vista city","Virginia",0,6593,0
20023,"Cheyenne County","Kansas",0,2628,0
19029,"Cass County","Iowa",0,13096,0
40039,"Custer County","Oklahoma",91,28259,0.32
40127,"Pushmataha County","Oklahoma",4,10790,0.04
54043,"Lincoln County","West Virginia",0,19902,0
28053,"Humphreys County","Mississippi",0,7395,0
13017,"Ben Hill County","Georgia",0,17089,0
13071,"Colquitt County","Georgia",0,46224,0
51580,"Covington city","Virginia",0,5680,0
72133,"Santa Isabel Municipio","Puerto Rico",0,19903,0
13155,"Irwin County","Georgia",180,9285,1.94
38027,"Eddy County","North Dakota",0,2307,0
19197,"Wright County","Iowa",48,12791,0.38
01005,"Barbour County","Alabama",17,24643,0.07
19009,"Audubon County","Iowa",0,5599,0
20051,"Ellis County","Kansas",42,28920,0.15
20165,"Rush County","Kansas",79,2947,2.68
18009,"Blackford County","Indiana",0,11950,0
19087,"Henry County","Iowa",13,20004,0.06
19015,"Boone County","Iowa",30,26668,0.11
49043,"Summit County","Utah",55,42970,0.13
06057,"Nevada County","California",602,102481,0.59
20171,"Scott County","Kansas",0,5027,0
08003,"Alamosa County","Colorado",108,16581,0.65
46049,"Faulk County","South Dakota",0,2126,0
28037,"Franklin County","Mississippi",0,7622,0
72081,"Lares Municipio","Puerto Rico",0,27855,0
01059,"Franklin County","Alabama",0,31966,0
13069,"Coffee County","Georgia",72,43347,0.17
48293,"Limestone County","Texas",0,22283,0
55035,"Eau Claire County","Wisconsin",256,107116,0.24
17023,"Clark County","Illinois",21,15266,0.14
40097,"Mayes County","Oklahoma",45,39604,0.11
20033,"Comanche County","Kansas",0,1729,0
48265,"Kerr County","Texas",77,53489,0.14
51735,"Poquoson city","Virginia",69,12639,0.55
40137,"Stephens County","Oklahoma",5,43551,0.01
08061,"Kiowa County","Colorado",0,1376,0
48159,"Franklin County","Texas",8,10632,0.08
36023,"Cortland County","New York",130,46246,0.28
51113,"Madison County","Virginia",0,14044,0
28105,"Oktibbeha County","Mississippi",12,51771,0.02
72055,"Guánica Municipio","Puerto Rico",0,12855,0
28161,"Yalobusha County","Mississippi",0,12419,0
29085,"Hickory County","Missouri",8,8585,0.09
56007,"Carbon County","Wyoming",37,14463,0.26
31003,"Antelope County","Nebraska",10,6305,0.16
56015,"Goshen County","Wyoming",31,12605,0.25
30097,"Sweet Grass County","Montana",0,3720,0
30107,"Wheatland County","Montana",0,2056,0
13129,"Gordon County","Georgia",92,59100,0.16
18095,"Madison County","Indiana",52,131900,0.04
31091,"Hooker County","Nebraska",0,647,0
26137,"Otsego County","Michigan",13,25584,0.05
29135,"Moniteau County","Missouri",0,15262,0
23029,"Washington County","Maine",16,31331,0.05
27105,"Nobles County","Minnesota",7,22041,0.03
12081,"Manatee County","Florida",636,429792,0.15
13035,"Butts County","Georgia",5,26496,0.02
39141,"Ross County","Ohio",30,76492,0.04
48393,"Roberts County","Texas",0,832,0
13119,"Franklin County","Georgia",9,24234,0.04
48503,"Young County","Texas",13,18029,0.07
40043,"Dewey County","Oklahoma",0,4360,0
40055,"Greer County","Oklahoma",0,5489,0
22049,"Jackson Parish","Louisiana",24,14884,0.16
48143,"Erath County","Texas",58,43794,0.13
19007,"Appanoose County","Iowa",0,12184,0
48079,"Cochran County","Texas",0,2550,0
48233,"Hutchinson County","Texas",99,20184,0.49
27151,"Swift County","Minnesota",0,9748,0
20199,"Wallace County","Kansas",0,1417,0
19183,"Washington County","Iowa",1,22561,0
17053,"Ford County","Illinois",36,13406,0.27
48153,"Floyd County","Texas",0,5216,0
42037,"Columbia County","Pennsylvania",184,65362,0.28
53023,"Garfield County","Washington",7,2353,0.3
13277,"Tift County","Georgia",0,41438,0
19037,"Chickasaw County","Iowa",0,11807,0
31087,"Hitchcock County","Nebraska",0,2569,0
35019,"Guadalupe County","New Mexico",32,4381,0.73
28003,"Alcorn County","Mississippi",11,34289,0.03
19157,"Poweshiek County","Iowa",46,18545,0.25
31013,"Box Butte County","Nebraska",104,10714,0.97
28111,"Perry County","Mississippi",22,11449,0.19
56005,"Campbell County","Wyoming",0,47240,0
19143,"Osceola County","Iowa",6,6100,0.1
51610,"Falls Church city","Virginia",91,14710,0.62
12049,"Hardee County","Florida",0,25675,0
17191,"Wayne County","Illinois",0,15973,0
48319,"Mason County","Texas",0,3955,0
72047,"Corozal Municipio","Puerto Rico",0,34444,0
19185,"Wayne County","Iowa",0,6532,0
28125,"Sharkey County","Mississippi",0,3872,0
35028,"Los Alamos County","New Mexico",257,19435,1.32
20131,"Nemaha County","Kansas",2,10160,0.02
17107,"Logan County","Illinois",0,27713,0
29065,"Dent County","Missouri",2,14539,0.01
72033,"Cataño Municipio","Puerto Rico",0,22467,0
20107,"Linn County","Kansas",0,9767,0
48369,"Parmer County","Texas",0,9731,0
29137,"Monroe County","Missouri",38,8734,0.44
48133,"Eastland County","Texas",14,18011,0.08
47153,"Sequatchie County","Tennessee",15,16809,0.09
46037,"Day County","South Dakota",0,5437,0
46027,"Clay County","South Dakota",4,15219,0.03
17063,"Grundy County","Illinois",48,53219,0.09
56029,"Park County","Wyoming",143,30449,0.47
55131,"Washington County","Wisconsin",71,137879,0.05
20057,"Ford County","Kansas",94,34074,0.28
29125,"Maries County","Missouri",0,8450,0
31123,"Morrill County","Nebraska",0,4534,0
20041,"Dickinson County","Kansas",0,18445,0
48311,"McMullen County","Texas",0,700,0
48381,"Randall County","Texas",126,146070,0.09
39033,"Crawford County","Ohio",247,41711,0.59
48011,"Armstrong County","Texas",0,1822,0
05037,"Cross County","Arkansas",0,16543,0
69100,"Rota Municipality","Commonwealth of the Northern Mariana Islands",0,0,0
27165,"Watonwan County","Minnesota",0,11205,0
31029,"Chase County","Nebraska",0,3671,0
48193,"Hamilton County","Texas",1,8406,0.01
48205,"Hartley County","Texas",64,5215,1.23
18121,"Parke County","Indiana",0,16406,0
24001,"Allegany County","Maryland",30,67452,0.04
13003,"Atkinson County","Georgia",51,8337,0.61
19131,"Mitchell County","Iowa",9,10575,0.09
37145,"Person County","North Carolina",5,39542,0.01
26001,"Alcona County","Michigan",7,10397,0.07
20053,"Ellsworth County","Kansas",7,6360,0.11
13197,"Marion County","Georgia",0,7509,0
29017,"Bollinger County","Missouri",0,10559,0
08005,"Arapahoe County","Colorado",3562,659844,0.54
40083,"Logan County","Oklahoma",25,51938,0.05
40005,"Atoka County","Oklahoma",82,14379,0.57
29049,"Clinton County","Missouri",17,21414,0.08
72089,"Luquillo Municipio","Puerto Rico",0,17532,0
05051,"Garland County","Arkansas",126,100035,0.13
19101,"Jefferson County","Iowa",9,15705,0.06
28099,"Neshoba County","Mississippi",0,28932,0
48353,"Nolan County","Texas",4,14454,0.03
47047,"Fayette County","Tennessee",22,43267,0.05
17079,"Jasper County","Illinois",12,9180,0.13
48305,"Lynn County","Texas",0,5752,0
20099,"Labette County","Kansas",92,19869,0.46
27159,"Wadena County","Minnesota",0,14256,0
18033,"DeKalb County","Indiana",16,43807,0.04
13065,"Clinch County","Georgia",0,6759,0
29103,"Knox County","Missouri",0,3756,0
31093,"Howard County","Nebraska",1,6534,0.02
17033,"Crawford County","Illinois",57,18511,0.31
27119,"Polk County","Minnesota",10,30705,0.03
17109,"McDonough County","Illinois",125,26920,0.46
48327,"Menard County","Texas",0,1955,0
20035,"Cowley County","Kansas",29,34411,0.08
21113,"Jessamine County","Kentucky",44,54588,0.08
72059,"Guayanilla Municipio","Puerto Rico",0,17141,0
17027,"Clinton County","Illinois",44,36954,0.12
72067,"Hormigueros Municipio","Puerto Rico",0,15441,0
38087,"Slope County","North Dakota",0,766,0
18143,"Scott County","Indiana",119,24526,0.49
23003,"Aroostook County","Maine",183,67058,0.27
26113,"Missaukee County","Michigan",38,15207,0.25
54017,"Doddridge County","West Virginia",0,7711,0
72027,"Camuy Municipio","Puerto Rico",0,32734,0
28041,"Greene County","Mississippi",0,13615,0
18007,"Benton County","Indiana",0,8735,0
48255,"Karnes County","Texas",64,14968,0.43
02185,"North Slope Borough","Alaska",3,10810,0.03
20133,"Neosho County","Kansas",7,15656,0.04
48101,"Cottle County","Texas",0,1368,0
47169,"Trousdale County","Tennessee",0,11957,0
35005,"Chaves County","New Mexico",305,64217,0.47
12067,"Lafayette County","Florida",0,8161,0
29225,"Webster County","Missouri",190,40500,0.47
38007,"Billings County","North Dakota",0,1024,0
48495,"Winkler County","Texas",5,7454,0.07
31089,"Holt County","Nebraska",0,10102,0
48243,"Jeff Davis County","Texas",0,1865,0
20205,"Wilson County","Kansas",0,8505,0
20193,"Thomas County","Kansas",0,7885,0
39027,"Clinton County","Ohio",28,42012,0.07
55097,"Portage County","Wisconsin",142,70832,0.2
18179,"Wells County","Indiana",24,28420,0.08
27083,"Lyon County","Minnesota",21,25503,0.08
49037,"San Juan County","Utah",0,14483,0
17145,"Perry County","Illinois",20,20639,0.1
20071,"Greeley County","Kansas",0,1304,0
45009,"Bamberg County","South Carolina",0,13042,0
55078,"Menominee County","Wisconsin",0,4252,0
20139,"Osage County","Kansas",15,15744,0.1
46061,"Hanson County","South Dakota",0,3472,0
08007,"Archuleta County","Colorado",29,13900,0.21
29081,"Harrison County","Missouri",0,8190,0
27137,"St. Louis County","Minnesota",313,200123,0.16
17135,"Montgomery County","Illinois",0,27942,0
21087,"Green County","Kentucky",0,11369,0
05099,"Nevada County","Arkansas",0,8159,0
18169,"Wabash County","Indiana",51,30844,0.17
27153,"Todd County","Minnesota",31,25575,0.12
20055,"Finney County","Kansas",0,38084,0
18161,"Union County","Indiana",0,6985,0
01017,"Chambers County","Alabama",25,34192,0.07
13195,"Madison County","Georgia",138,31528,0.44
40105,"Nowata County","Oklahoma",7,9435,0.07
48429,"Stephens County","Texas",0,9351,0
40009,"Beckham County","Oklahoma",34,22148,0.15
29169,"Pulaski County","Missouri",225,53894,0.42
50015,"Lamoille County","Vermont",12,26148,0.05
27019,"Carver County","Minnesota",185,110041,0.17
28103,"Noxubee County","Mississippi",0,10025,0
12035,"Flagler County","Florida",138,126528,0.11
31137,"Phelps County","Nebraska",0,9009,0
16059,"Lemhi County","Idaho",7,8249,0.08
19175,"Union County","Iowa",0,11993,0
19023,"Butler County","Iowa",16,14268,0.11
17073,"Henry County","Illinois",4,48643,0.01
39069,"Henry County","Ohio",86,27567,0.31
19081,"Hancock County","Iowa",0,10671,0
27067,"Kandiyohi County","Minnesota",3,44079,0.01
42023,"Cameron County","Pennsylvania",0,4427,0
29001,"Adair County","Missouri",13,25301,0.05
42047,"Elk County","Pennsylvania",6,30506,0.02
20093,"Kearny County","Kansas",0,3864,0
26039,"Crawford County","Michigan",5,13369,0.04
17105,"Livingston County","Illinois",10,35565,0.03
19125,"Marion County","Iowa",96,33642,0.29
13237,"Putnam County","Georgia",146,22855,0.64
13133,"Greene County","Georgia",0,20109,0
13301,"Warren County","Georgia",0,5170,0
38073,"Ransom County","North Dakota",0,5643,0
29219,"Warren County","Missouri",81,37177,0.22
36035,"Fulton County","New York",8,52487,0.02
49013,"Duchesne County","Utah",0,20185,0
48027,"Bell County","Texas",1761,386897,0.46
15005,"Kalawao County","Hawaii",1,67,1.49
17171,"Scott County","Illinois",0,4937,0
31039,"Cuming County","Nebraska",0,8975,0
20095,"Kingman County","Kansas",2,7186,0.03
55019,"Clark County","Wisconsin",43,34739,0.12
48033,"Borden County","Texas",0,713,0
48313,"Madison County","Texas",0,13648,0
19055,"Delaware County","Iowa",0,17558,0
72093,"Maricao Municipio","Puerto Rico",12,4988,0.24
29061,"Daviess County","Missouri",0,8477,0
06085,"Santa Clara County","California",38237,1902047,2.01
08085,"Montrose County","Colorado",182,43807,0.42
01087,"Macon County","Alabama",4,18691,0.02
01095,"Marshall County","Alabama",60,99748,0.06
51067,"Franklin County","Virginia",4,55130,0.01
47173,"Union County","Tennessee",0,20431,0
26087,"Lapeer County","Michigan",160,88837,0.18
20157,"Republic County","Kansas",0,4646,0
48151,"Fisher County","Texas",0,3655,0
21103,"Henry County","Kentucky",13,15856,0.08
48063,"Camp County","Texas",60,12798,0.47
27109,"Olmsted County","Minnesota",540,164498,0.33
31095,"Jefferson County","Nebraska",0,7161,0
31069,"Garden County","Nebraska",0,1761,0
45011,"Barnwell County","South Carolina",0,20521,0
28023,"Clarke County","Mississippi",0,15314,0
46047,"Fall River County","South Dakota",71,7258,0.98
48171,"Gillespie County","Texas",1,27524,0
19091,"Humboldt County","Iowa",0,9591,0
29007,"Audrain County","Missouri",0,24548,0
40025,"Cimarron County","Oklahoma",0,2218,0
20143,"Ottawa County","Kansas",3,5819,0.05
29089,"Howard County","Missouri",6,10147,0.06
48291,"Liberty County","Texas",91,103380,0.09
18099,"Marshall County","Indiana",72,46284,0.16
39131,"Pike County","Ohio",4,27044,0.01
30081,"Ravalli County","Montana",18,46727,0.04
31053,"Dodge County","Nebraska",82,37351,0.22
18133,"Putnam County","Indiana",104,37280,0.28
48461,"Upton County","Texas",0,3191,0
72049,"Culebra Municipio","Puerto Rico",0,1387,0
18023,"Clinton County","Indiana",2,32944,0.01
47025,"Claiborne County","Tennessee",40,32466,0.12
28119,"Quitman County","Mississippi",0,5774,0
28035,"Forrest County","Mississippi",111,78272,0.14
12089,"Nassau County","Florida",59,97859,0.06
04025,"Yavapai County","Arizona",965,245480,0.39
06115,"Yuba County","California",495,84507,0.59
06019,"Fresno County","California",7360,1016725,0.72
21083,"Graves County","Kentucky",0,36630,0
24013,"Carroll County","Maryland",342,175321,0.2
27135,"Roseau County","Minnesota",12,15302,0.08
28151,"Washington County","Mississippi",0,42765,0
26011,"Arenac County","Michigan",55,15077,0.36
08059,"Jefferson County","Colorado",3214,579377,0.55
37039,"Cherokee County","North Carolina",0,29562,0
37009,"Ashe County","North Carolina",56,26950,0.21
39035,"Cuyahoga County","Ohio",2721,1245873,0.22
42015,"Bradford County","Pennsylvania",100,59858,0.17
47183,"Weakley County","Tennessee",41,33016,0.12
51117,"Mecklenburg County","Virginia",8,30516,0.03
17003,"Alexander County","Illinois",2,4875,0.04
22031,"De Soto Parish","Louisiana",0,27026,0
27037,"Dakota County","Minnesota",1364,445771,0.31
29115,"Linn County","Missouri",8,11852,0.07
20183,"Smith County","Kansas",34,3552,0.96
30043,"Jefferson County","Montana",16,12774,0.13
31019,"Buffalo County","Nebraska",107,50579,0.21
21233,"Webster County","Kentucky",0,12842,0
21229,"Washington County","Kentucky",51,12140,0.42
37057,"Davidson County","North Carolina",345,172954,0.2
37025,"Cabarrus County","North Carolina",104,236133,0.04
39071,"Highland County","Ohio",0,43517,0
39083,"Knox County","Ohio",43,63142,0.07
41027,"Hood River County","Oregon",82,23905,0.34
42009,"Bedford County","Pennsylvania",43,47513,0.09
27173,"Yellow Medicine County","Minnesota",0,9451,0
47031,"Coffee County","Tennessee",144,59710,0.24
47091,"Johnson County","Tennessee",0,18196,0
47133,"Overton County","Tennessee",0,23065,0
55081,"Monroe County","Wisconsin",6,46208,0.01
56025,"Natrona County","Wyoming",459,79977,0.57
72109,"Patillas Municipio","Puerto Rico",0,15563,0
72039,"Ciales Municipio","Puerto Rico",0,16805,0
72147,"Vieques Municipio","Puerto Rico",0,8078,0
41069,"Wheeler County","Oregon",0,1485,0
48473,"Waller County","Texas",28,61552,0.05
48157,"Fort Bend County","Texas",1912,893767,0.21
48339,"Montgomery County","Texas",1238,684432,0.18
51173,"Smyth County","Virginia",38,29420,0.13
28051,"Holmes County","Mississippi",0,16191,0
53001,"Adams County","Washington",59,20800,0.28
51143,"Pittsylvania County","Virginia",12,59856,0.02
53035,"Kitsap County","Washington",4492,277881,1.62
08047,"Gilpin County","Colorado",0,5901,0
13217,"Newton County","Georgia",159,118152,0.13
16083,"Twin Falls County","Idaho",538,93734,0.57
17011,"Bureau County","Illinois",9,32866,0.03
17009,"Brown County","Illinois",0,6322,0
17125,"Mason County","Illinois",9,12745,0.07
18057,"Hamilton County","Indiana",1871,365056,0.51
18059,"Hancock County","Indiana",419,84037,0.5
19167,"Sioux County","Iowa",108,36212,0.3
21183,"Ohio County","Kentucky",42,23735,0.18
21119,"Knott County","Kentucky",0,13830,0
25015,"Hampshire County","Massachusetts",672,162028,0.41
28127,"Simpson County","Mississippi",0,25691,0
28097,"Montgomery County","Mississippi",0,9602,0
28153,"Wayne County","Mississippi",76,19718,0.39
31023,"Butler County","Nebraska",39,8424,0.46
31059,"Fillmore County","Nebraska",0,5541,0
36111,"Ulster County","New York",266,182601,0.15
47095,"Lake County","Tennessee",0,6579,0
48105,"Crockett County","Texas",0,2822,0
54013,"Calhoun County","West Virginia",0,6048,0
47127,"Moore County","Tennessee",0,6674,0
01049,"DeKalb County","Alabama",18,72269,0.02
05143,"Washington County","Arkansas",630,256765,0.25
09170,"South Central Connecticut Planning Region","Connecticut",1128,570598,0.2
13291,"Union County","Georgia",1,26304,0
19057,"Des Moines County","Iowa",0,38487,0
21163,"Meade County","Kentucky",85,30158,0.28
06063,"Plumas County","California",0,19423,0
21041,"Carroll County","Kentucky",0,10954,0
28075,"Lauderdale County","Mississippi",72,71504,0.1
30011,"Carter County","Montana",24,1308,1.83
26053,"Gogebic County","Michigan",21,14319,0.15
36087,"Rockland County","New York",424,341883,0.12
37119,"Mecklenburg County","North Carolina",2636,1154681,0.23
39123,"Ottawa County","Ohio",11,39994,0.03
42133,"York County","Pennsylvania",602,462924,0.13
45051,"Horry County","South Carolina",813,383016,0.21
49047,"Uintah County","Utah",41,37056,0.11
53045,"Mason County","Washington",280,67982,0.41
54069,"Ohio County","West Virginia",60,41582,0.14
55079,"Milwaukee County","Wisconsin",2230,926331,0.24
13117,"Forsyth County","Georgia",650,267287,0.24
13009,"Baldwin County","Georgia",10,43642,0.02
13253,"Seminole County","Georgia",0,9156,0
13019,"Berrien County","Georgia",0,18352,0
18071,"Jackson County","Indiana",699,46660,1.5
18063,"Hendricks County","Indiana",243,183344,0.13
18081,"Johnson County","Indiana",871,166315,0.52
17013,"Calhoun County","Illinois",6,4330,0.14
19141,"O'Brien County","Iowa",24,14126,0.17
21209,"Scott County","Kentucky",243,59536,0.41
21137,"Lincoln County","Kentucky",13,24504,0.05
51069,"Frederick County","Virginia",159,95008,0.17
51167,"Russell County","Virginia",6,25538,0.02
53065,"Stevens County","Washington",234,48067,0.49
55011,"Buffalo County","Wisconsin",9,13393,0.07
72013,"Arecibo Municipio","Puerto Rico",0,86467,0
40059,"Harper County","Oklahoma",0,3203,0
48421,"Sherman County","Texas",0,2295,0
49019,"Grand County","Utah",0,9754,0
51135,"Nottoway County","Virginia",0,15597,0
05139,"Union County","Arkansas",9,37900,0.02
06053,"Monterey County","California",3774,437613,0.86
08069,"Larimer County","Colorado",1543,367368,0.42
12101,"Pasco County","Florida",1341,611444,0.22
22117,"Washington Parish","Louisiana",9,45120,0.02
26103,"Marquette County","Michigan",118,67112,0.18
04013,"Maricopa County","Arizona",22559,4559748,0.49
05115,"Pope County","Arkansas",28,64131,0.04
06005,"Amador County","California",267,41428,0.64
19043,"Clayton County","Iowa",9,17013,0.05
36031,"Essex County","New York",47,36973,0.13
37023,"Burke County","North Carolina",52,87795,0.06
39077,"Huron County","Ohio",38,58319,0.07
40027,"Cleveland County","Oklahoma",1194,300047,0.4
40139,"Texas County","Oklahoma",39,20774,0.19
47069,"Hardeman County","Tennessee",17,25433,0.07
47089,"Jefferson County","Tennessee",9,56864,0.02
30015,"Chouteau County","Montana",0,5906,0
31015,"Boyd County","Nebraska",0,1688,0
47159,"Smith County","Tennessee",1,20389,0
31129,"Nuckolls County","Nebraska",0,4087,0
48401,"Rusk County","Texas",22,52842,0.04
48485,"Wichita County","Texas",356,129996,0.27
48341,"Moore County","Texas",0,21373,0
48371,"Pecos County","Texas",52,14896,0.35
49003,"Box Elder County","Utah",621,61246,1.01
26007,"Alpena County","Michigan",9,28880,0.03
28139,"Tippah County","Mississippi",0,21523,0
32017,"Lincoln County","Nevada",0,4405,0
36119,"Westchester County","New York",6716,999677,0.67
36063,"Niagara County","New York",61,210721,0.03
36027,"Dutchess County","New York",678,298220,0.23
38035,"Grand Forks County","North Dakota",352,72923,0.48
40095,"Marshall County","Oklahoma",7,15792,0.04
48479,"Webb County","Texas",150,269294,0.06
48273,"Kleberg County","Texas",86,30579,0.28
53071,"Walla Walla County","Washington",260,62161,0.42
08027,"Custer County","Colorado",25,5247,0.48
08109,"Saguache County","Colorado",0,6580,0
13137,"Habersham County","Georgia",68,47793,0.14
17061,"Greene County","Illinois",0,11683,0
18031,"Decatur County","Indiana",0,26422,0
16041,"Franklin County","Idaho",4,15056,0.03
19013,"Black Hawk County","Iowa",230,131049,0.18
21089,"Greenup County","Kentucky",40,35501,0.11
21021,"Boyle County","Kentucky",74,30941,0.24
21093,"Hardin County","Kentucky",267,111942,0.24
21179,"Nelson County","Kentucky",109,47606,0.23
26091,"Lenawee County","Michigan",92,98415,0.09
27035,"Crow Wing County","Minnesota",54,67686,0.08
27143,"Sibley County","Minnesota",25,15005,0.17
28123,"Scott County","Mississippi",0,27718,0
28009,"Benton County","Mississippi",0,7589,0
28129,"Smith County","Mississippi",0,14132,0
29195,"Saline County","Missouri",48,23231,0.21
31115,"Loup County","Nebraska",0,578,0
21099,"Hart County","Kentucky",0,19603,0
35037,"Quay County","New Mexico",0,8564,0
36099,"Seneca County","New York",48,32920,0.15
37051,"Cumberland County","North Carolina",1291,338545,0.38
40143,"Tulsa County","Oklahoma",1842,680794,0.27
40091,"McIntosh County","Oklahoma",0,19400,0
42089,"Monroe County","Pennsylvania",149,167515,0.09
47147,"Robertson County","Tennessee",149,75539,0.2
21047,"Christian County","Kentucky",495,72069,0.69
39043,"Erie County","Ohio",39,74581,0.05
35017,"Grant County","New Mexico",39,27775,0.14
35021,"Harding County","New Mexico",0,741,0
05027,"Columbia County","Arkansas",12,22349,0.05
55065,"Lafayette County","Wisconsin",0,16942,0
51169,"Scott County","Virginia",5,21479,0.02
48149,"Fayette County","Texas",32,25042,0.13
47053,"Gibson County","Tennessee",12,50869,0.02
25019,"Nantucket County","Massachusetts",26,14483,0.18
21039,"Carlisle County","Kentucky",0,4762,0
45005,"Allendale County","South Carolina",4,7661,0.05
46011,"Brookings County","South Dakota",105,35353,0.3
51115,"Mathews County","Virginia",0,8540,0
53075,"Whitman County","Washington",686,47003,1.46
29131,"Miller County","Missouri",7,25269,0.03
26021,"Berrien County","Michigan",481,153288,0.31
30017,"Custer County","Montana",61,11961,0.51
42053,"Forest County","Pennsylvania",3,6715,0.04
29059,"Dallas County","Missouri",0,17551,0
37131,"Northampton County","North Carolina",0,16931,0
12085,"Martin County","Florida",65,162176,0.04
12099,"Palm Beach County","Florida",2485,1533806,0.16
13033,"Burke County","Georgia",11,24470,0.04
13151,"Henry County","Georgia",389,249960,0.16
29141,"Morgan County","Missouri",43,21717,0.2
05029,"Conway County","Arkansas",0,21054,0
29143,"New Madrid County","Missouri",12,15731,0.08
37021,"Buncombe County","North Carolina",854,274360,0.31
25025,"Suffolk County","Massachusetts",2386,785121,0.3
42011,"Berks County","Pennsylvania",537,433015,0.12
47079,"Henry County","Tennessee",138,32412,0.43
48007,"Aransas County","Texas",22,24876,0.09
25017,"Middlesex County","Massachusetts",7613,1638365,0.46
13049,"Charlton County","Georgia",3,12818,0.02
48377,"Presidio County","Texas",0,5930,0
06001,"Alameda County","California",25201,1649473,1.53
47061,"Grundy County","Tennessee",0,13819,0
21055,"Crittenden County","Kentucky",27,8979,0.3
09110,"Capitol Planning Region","Connecticut",2262,977290,0.23
09120,"Greater Bridgeport Planning Region","Connecticut",663,329259,0.2
09180,"Southeastern Connecticut Planning Region","Connecticut",627,279971,0.22
31165,"Sioux County","Nebraska",0,1171,0
39075,"Holmes County","Ohio",0,44418,0
25023,"Plymouth County","Massachusetts",684,535075,0.13
48009,"Archer County","Texas",0,8867,0
46135,"Yankton County","South Dakota",14,23414,0.06
46067,"Hutchinson County","South Dakota",6,7404,0.08
47039,"Decatur County","Tennessee",0,11579,0
42021,"Cambria County","Pennsylvania",141,131538,0.11
41033,"Josephine County","Oregon",357,88179,0.4
50027,"Windsor County","Vermont",22,57990,0.04
42055,"Franklin County","Pennsylvania",318,157379,0.2
22013,"Bienville Parish","Louisiana",19,12638,0.15
21063,"Elliott County","Kentucky",0,7307,0
48073,"Cherokee County","Texas",1,51886,0
53053,"Pierce County","Washington",13580,930319,1.46
26089,"Leelanau County","Michigan",70,22734,0.31
29145,"Newton County","Missouri",11,60118,0.02
27097,"Morrison County","Minnesota",3,34249,0.01
42109,"Snyder County","Pennsylvania",5,39668,0.01
35047,"San Miguel County","New Mexico",202,26850,0.75
29149,"Oregon County","Missouri",6,8673,0.07
46019,"Butte County","South Dakota",0,10676,0
47059,"Greene County","Tennessee",70,71628,0.1
47063,"Hamblen County","Tennessee",235,65669,0.36
46033,"Custer County","South Dakota",0,8892,0
45025,"Chesterfield County","South Carolina",34,43784,0.08
45027,"Clarendon County","South Carolina",19,30986,0.06
31169,"Thayer County","Nebraska",0,4901,0
30099,"Teton County","Montana",0,6353,0
21079,"Garrard County","Kentucky",0,17568,0
22017,"Caddo Parish","Louisiana",71,230004,0.03
35003,"Catron County","New Mexico",0,3743,0
16071,"Oneida County","Idaho",0,4768,0
16045,"Gem County","Idaho",105,20614,0.51
39087,"Lawrence County","Ohio",0,56819,0
42111,"Somerset County","Pennsylvania",13,72799,0.02
48167,"Galveston County","Texas",808,358990,0.23
05045,"Faulkner County","Arkansas",339,127717,0.27
46081,"Lawrence County","South Dakota",36,27233,0.13
42031,"Clarion County","Pennsylvania",26,37179,0.07
47085,"Humphreys County","Tennessee",8,19214,0.04
45037,"Edgefield County","South Carolina",34,27476,0.12
45043,"Georgetown County","South Carolina",26,64811,0.04
54001,"Barbour County","West Virginia",71,15424,0.46
25005,"Bristol County","Massachusetts",925,582270,0.16
28049,"Hinds County","Mississippi",87,218533,0.04
21123,"Larue County","Kentucky",14,15107,0.09
29071,"Franklin County","Missouri",115,105950,0.11
24005,"Baltimore County","Maryland",2011,850796,0.24
22081,"Red River Parish","Louisiana",0,7443,0
16079,"Shoshone County","Idaho",0,13785,0
51179,"Stafford County","Virginia",777,163466,0.48
24510,"Baltimore city","Maryland",1015,573243,0.18
23001,"Androscoggin County","Maine",138,113423,0.12
23023,"Sagadahoc County","Maine",144,37285,0.39
20037,"Crawford County","Kansas",56,39008,0.14
48091,"Comal County","Texas",641,183826,0.35
48095,"Concho County","Texas",0,3328,0
47093,"Knox County","Tennessee",1420,494148,0.29
27073,"Lac qui Parle County","Minnesota",14,6682,0.21
51075,"Goochland County","Virginia",22,26410,0.08
51087,"Henrico County","Virginia",989,335744,0.29
44003,"Kent County","Rhode Island",362,171456,0.21
49005,"Cache County","Utah",672,140046,0.48
16043,"Fremont County","Idaho",5,13943,0.04
24003,"Anne Arundel County","Maryland",2496,598166,0.42
12001,"Alachua County","Florida",779,285492,0.27
29077,"Greene County","Missouri",807,303375,0.27
06107,"Tulare County","California",1422,478693,0.3
24015,"Cecil County","Maryland",336,104960,0.32
38055,"McLean County","North Dakota",17,9823,0.17
37195,"Wilson County","North Carolina",148,79290,0.19
26037,"Clinton County","Michigan",287,79626,0.36
23007,"Franklin County","Maine",19,30413,0.06
17029,"Coles County","Illinois",26,46777,0.06
47145,"Roane County","Tennessee",50,55208,0.09
26003,"Alger County","Michigan",9,8762,0.1
37017,"Bladen County","North Carolina",0,29566,0
50001,"Addison County","Vermont",130,37664,0.35
47101,"Lewis County","Tennessee",20,12992,0.15
53005,"Benton County","Washington",967,212905,0.45
27081,"Lincoln County","Minnesota",4,5603,0.07
31033,"Cheyenne County","Nebraska",11,9533,0.12
42063,"Indiana County","Pennsylvania",47,83042,0.06
48247,"Jim Hogg County","Texas",0,4727,0
17093,"Kendall County","Illinois",614,137675,0.45
18089,"Lake County","Indiana",719,500379,0.14
17097,"Lake County","Illinois",2672,714223,0.37
16035,"Clearwater County","Idaho",6,9012,0.07
47143,"Rhea County","Tennessee",24,33992,0.07
24019,"Dorchester County","Maryland",0,32754,0
16055,"Kootenai County","Idaho",727,181996,0.4
47149,"Rutherford County","Tennessee",1377,360646,0.38
20049,"Elk County","Kansas",24,2453,0.98
19189,"Winnebago County","Iowa",2,10583,0.02
19085,"Harrison County","Iowa",19,14632,0.13
26057,"Gratiot County","Michigan",110,41385,0.27
19053,"Decatur County","Iowa",4,7759,0.05
29173,"Ralls County","Missouri",0,10428,0
56021,"Laramie County","Wyoming",394,101060,0.39
47125,"Montgomery County","Tennessee",461,234153,0.2
49017,"Garfield County","Utah",0,5219,0
27091,"Martin County","Minnesota",15,19780,0.08
42069,"Lackawanna County","Pennsylvania",136,216146,0.06
42131,"Wyoming County","Pennsylvania",9,25967,0.03
42073,"Lawrence County","Pennsylvania",42,85024,0.05
42085,"Mercer County","Pennsylvania",25,109257,0.02
42077,"Lehigh County","Pennsylvania",688,378792,0.18
29107,"Lafayette County","Missouri",0,33115,0
29117,"Livingston County","Missouri",1,14364,0.01
29119,"McDonald County","Missouri",9,23701,0.04
17131,"Mercer County","Illinois",5,15495,0.03
24023,"Garrett County","Maryland",23,28615,0.08
24025,"Harford County","Maryland",573,263757,0.22
47097,"Lauderdale County","Tennessee",34,24784,0.14
47157,"Shelby County","Tennessee",1007,919173,0.11
21129,"Lee County","Kentucky",0,7339,0
47167,"Tipton County","Tennessee",282,61553,0.46
21131,"Leslie County","Kentucky",0,10079,0
47135,"Perry County","Tennessee",0,8697,0
55089,"Ozaukee County","Wisconsin",153,92966,0.16
47161,"Stewart County","Tennessee",22,14027,0.16
29009,"Barry County","Missouri",22,35033,0.06
51033,"Caroline County","Virginia",103,32098,0.32
05091,"Miller County","Arkansas",21,42360,0.05
19151,"Pocahontas County","Iowa",36,7046,0.51
38029,"Emmons County","North Dakota",0,3254,0
51149,"Prince George County","Virginia",127,43146,0.29
22055,"Lafayette Parish","Louisiana",94,247997,0.04
51153,"Prince William County","Virginia",2037,488880,0.42
17163,"St. Clair County","Illinois",804,253694,0.32
46065,"Hughes County","South Dakota",35,17664,0.2
47023,"Chester County","Tennessee",0,17611,0
22119,"Webster Parish","Louisiana",86,35820,0.24
24037,"St. Mary's County","Maryland",682,115126,0.59
21091,"Hancock County","Kentucky",4,9034,0.04
21135,"Lewis County","Kentucky",0,12965,0
48123,"DeWitt County","Texas",0,20016,0
06077,"San Joaquin County","California",6176,797334,0.77
21143,"Lyon County","Kentucky",40,8900,0.45
21149,"McLean County","Kentucky",0,9114,0
21153,"Magoffin County","Kentucky",0,11348,0
47179,"Washington County","Tennessee",608,136261,0.45
51049,"Cumberland County","Virginia",0,9818,0
48043,"Brewster County","Texas",5,9503,0.05
55105,"Rock County","Wisconsin",193,164350,0.12
51057,"Essex County","Virginia",6,10623,0.06
05001,"Arkansas County","Arkansas",0,16515,0
42095,"Northampton County","Pennsylvania",730,318580,0.23
34007,"Camden County","New Jersey",1349,527257,0.26
17185,"Wabash County","Illinois",0,11119,0
37147,"Pitt County","North Carolina",624,177193,0.35
22019,"Calcasieu Parish","Louisiana",281,207088,0.14
24041,"Talbot County","Maryland",11,37917,0.03
47139,"Polk County","Tennessee",26,17898,0.15
27027,"Clay County","Minnesota",58,66059,0.09
21159,"Martin County","Kentucky",0,11027,0
21161,"Mason County","Kentucky",11,16956,0.06
55117,"Sheboygan County","Wisconsin",214,117991,0.18
45065,"McCormick County","South Carolina",0,9760,0
56023,"Lincoln County","Wyoming",27,20486,0.13
37199,"Yancey County","North Carolina",0,18797,0
01113,"Russell County","Alabama",94,58811,0.16
06003,"Alpine County","California",3,1616,0.19
55047,"Green Lake County","Wisconsin",4,19263,0.02
34019,"Hunterdon County","New Jersey",59,130160,0.05
24047,"Worcester County","Maryland",67,53700,0.12
37167,"Stanly County","North Carolina",0,64651,0
22003,"Allen Parish","Louisiana",111,22477,0.49
22079,"Rapides Parish","Louisiana",244,127527,0.19
22115,"Vernon Parish","Louisiana",82,47117,0.17
21203,"Rockcastle County","Kentucky",0,16163,0
27055,"Houston County","Minnesota",34,18653,0.18
21165,"Menifee County","Kentucky",0,6230,0
37085,"Harnett County","North Carolina",469,139150,0.34
49035,"Salt Lake County","Utah",8115,1196523,0.68
49049,"Utah County","Utah",5042,705400,0.71
51059,"Fairfax County","Virginia",7307,1147837,0.64
45077,"Pickens County","South Carolina",272,134629,0.2
45079,"Richland County","South Carolina",785,422117,0.19
30039,"Granite County","Montana",0,3462,0
05021,"Clay County","Arkansas",0,14280,0
27167,"Wilkin County","Minnesota",2,6371,0.03
04009,"Graham County","Arizona",5,39232,0.01
21207,"Russell County","Kentucky",0,18221,0
21235,"Whitley County","Kentucky",26,36920,0.07
40053,"Grant County","Oklahoma",1,4131,0.02
47175,"Van Buren County","Tennessee",0,6437,0
54089,"Summers County","West Virginia",0,11729,0
37193,"Wilkes County","North Carolina",29,65935,0.04
49039,"Sanpete County","Utah",128,29719,0.43
06093,"Siskiyou County","California",203,43466,0.47
46051,"Grant County","South Dakota",15,7563,0.2
45071,"Newberry County","South Carolina",110,38435,0.29
45083,"Spartanburg County","South Carolina",459,347852,0.13
51089,"Henry County","Virginia",39,49980,0.08
45085,"Sumter County","South Carolina",105,104725,0.1
53013,"Columbia County","Washington",0,4014,0
55133,"Waukesha County","Wisconsin",925,411762,0.22
39101,"Marion County","Ohio",26,65020,0.04
37177,"Tyrrell County","North Carolina",0,3423,0
08079,"Mineral County","Colorado",7,729,0.96
18111,"Newton County","Indiana",4,13922,0.03
51035,"Carroll County","Virginia",10,29157,0.03
16031,"Cassia County","Idaho",43,25483,0.17
19119,"Lyon County","Iowa",0,12162,0
37137,"Pamlico County","North Carolina",6,12390,0.05
17005,"Bond County","Illinois",0,16716,0
18045,"Fountain County","Indiana",0,16617,0
19095,"Iowa County","Iowa",19,16507,0.12
16013,"Blaine County","Idaho",92,24951,0.37
72151,"Yabucoa Municipio","Puerto Rico",0,29400,0
48439,"Tarrant County","Texas",5908,2167390,0.27
47045,"Dyer County","Tennessee",43,36508,0.12
37093,"Hoke County","North Carolina",189,53835,0.35
05125,"Saline County","Arkansas",89,127479,0.07
26149,"St. Joseph County","Michigan",42,60969,0.07
21219,"Todd County","Kentucky",37,12469,0.3
26159,"Van Buren County","Michigan",17,75795,0.02
27103,"Nicollet County","Minnesota",81,34411,0.24
49055,"Wayne County","Utah",0,2584,0
27107,"Norman County","Minnesota",3,6367,0.05
30023,"Deer Lodge County","Montana",9,9597,0.09
37175,"Transylvania County","North Carolina",32,33691,0.09
01061,"Geneva County","Alabama",0,26887,0
01069,"Houston County","Alabama",162,108140,0.15
51077,"Grayson County","Virginia",28,15287,0.18
37031,"Carteret County","North Carolina",335,69148,0.48
47037,"Davidson County","Tennessee",1680,715388,0.23
16033,"Clark County","Idaho",4,849,0.47
55015,"Calumet County","Wisconsin",167,52942,0.32
21225,"Union County","Kentucky",8,13260,0.06
17043,"DuPage County","Illinois",3410,930024,0.37
17059,"Gallatin County","Illinois",24,4819,0.5
27009,"Benton County","Minnesota",35,41593,0.08
21237,"Wolfe County","Kentucky",4,6443,0.06
42041,"Cumberland County","Pennsylvania",711,268323,0.26
29031,"Cape Girardeau County","Missouri",490,82735,0.59
25013,"Hampden County","Massachusetts",506,462815,0.11
29033,"Carroll County","Missouri",0,8411,0
12071,"Lee County","Florida",865,817666,0.11
16053,"Jerome County","Idaho",7,25173,0.03
20121,"Miami County","Kansas",57,34938,0.16
05149,"Yell County","Arkansas",0,20134,0
13025,"Brantley County","Georgia",0,18315,0
19069,"Franklin County","Iowa",39,9956,0.39
17177,"Stephenson County","Illinois",0,43768,0
18025,"Crawford County","Indiana",2,10499,0.02
40133,"Seminole County","Oklahoma",11,23494,0.05
38057,"Mercer County","North Dakota",80,8337,0.96
35053,"Socorro County","New Mexico",28,16200,0.17
36067,"Onondaga County","New York",510,471129,0.11
45069,"Marlboro County","South Carolina",68,25975,0.26
21013,"Bell County","Kentucky",132,23509,0.56
27003,"Anoka County","Minnesota",896,370349,0.24
27013,"Blue Earth County","Minnesota",23,69871,0.03
21019,"Boyd County","Kentucky",41,47911,0.09
40047,"Garfield County","Oklahoma",359,62146,0.58
21031,"Butler County","Kentucky",0,12393,0
46013,"Brown County","South Dakota",47,37877,0.12
48055,"Caldwell County","Texas",42,48669,0.09
53059,"Skamania County","Washington",94,12402,0.76
51109,"Louisa County","Virginia",28,39980,0.07
50011,"Franklin County","Vermont",22,50638,0.04
30013,"Cascade County","Montana",449,84606,0.53
29043,"Christian County","Missouri",156,92915,0.17
08014,"Broomfield County","Colorado",540,76304,0.71
47029,"Cocke County","Tennessee",0,36813,0
51095,"James City County","Virginia",515,81013,0.64
37063,"Durham County","North Carolina",1235,332353,0.37
37007,"Anson County","North Carolina",14,22289,0.06
37141,"Pender County","North Carolina",108,65550,0.16
40065,"Jackson County","Oklahoma",50,24678,0.2
36107,"Tioga County","New York",37,47864,0.08
37001,"Alamance County","North Carolina",108,176893,0.06
37149,"Polk County","North Carolina",21,19891,0.11
39045,"Fairfield County","Ohio",180,163453,0.11
40011,"Blaine County","Oklahoma",0,8570,0
40081,"Lincoln County","Oklahoma",54,34219,0.16
45015,"Berkeley County","South Carolina",627,246802,0.25
55027,"Dodge County","Wisconsin",144,88742,0.16
55141,"Wood County","Wisconsin",236,74004,0.32
72105,"Naranjito Municipio","Puerto Rico",0,29310,0
72073,"Jayuya Municipio","Puerto Rico",0,14566,0
40003,"Alfalfa County","Oklahoma",0,5696,0
72095,"Maunabo Municipio","Puerto Rico",0,10399,0
31149,"Rock County","Nebraska",0,1319,0
31125,"Nance County","Nebraska",2,3324,0.06
08075,"Logan County","Colorado",57,20892,0.27
54065,"Morgan County","West Virginia",0,17426,0
47187,"Williamson County","Tennessee",861,260351,0.33
47005,"Benton County","Tennessee",0,16006,0
48199,"Hardin County","Texas",81,57642,0.14
32013,"Humboldt County","Nevada",0,17289,0
42051,"Fayette County","Pennsylvania",52,125997,0.04
22111,"Union Parish","Louisiana",0,20821,0
28117,"Prentiss County","Mississippi",0,25184,0
28029,"Copiah County","Mississippi",0,27855,0
29217,"Vernon County","Missouri",15,19687,0.08
20083,"Hodgeman County","Kansas",0,1652,0
20127,"Morris County","Kansas",3,5340,0.06
21169,"Metcalfe County","Kentucky",0,10425,0
48147,"Fannin County","Texas",21,37326,0.06
48187,"Guadalupe County","Texas",1108,183642,0.6
48077,"Clay County","Texas",20,10495,0.19
48099,"Coryell County","Texas",361,84748,0.43
48325,"Medina County","Texas",135,53547,0.25
48375,"Potter County","Texas",200,115975,0.17
12009,"Brevard County","Florida",2787,632780,0.44
01063,"Greene County","Alabama",0,7424,0
17111,"McHenry County","Illinois",775,312591,0.25
13179,"Liberty County","Georgia",283,67397,0.42
26043,"Dickinson County","Michigan",13,25954,0.05
48049,"Brown County","Texas",11,38347,0.03
53017,"Douglas County","Washington",208,44366,0.47
54081,"Raleigh County","West Virginia",66,73195,0.09
55139,"Winnebago County","Wisconsin",221,171769,0.13
69120,"Tinian Municipality","Commonwealth of the Northern Mariana Islands",0,0,0
72087,"Loíza Municipio","Puerto Rico",20,22768,0.09
37107,"Lenoir County","North Carolina",63,54919,0.11
38059,"Morton County","North Dakota",71,33777,0.21
39137,"Putnam County","Ohio",45,34314,0.13
39059,"Guernsey County","Ohio",12,38223,0.03
41013,"Crook County","Oregon",41,26277,0.16
42065,"Jefferson County","Pennsylvania",4,43864,0.01
47043,"Dickson County","Tennessee",2,55983,0
30075,"Powder River County","Montana",22,1815,1.21
29035,"Carter County","Missouri",0,5297,0
51003,"Albemarle County","Virginia",297,114919,0.26
51680,"Lynchburg city","Virginia",377,79497,0.47
51101,"King William County","Virginia",0,18593,0
55113,"Sawyer County","Wisconsin",6,18476,0.03
72139,"Trujillo Alto Municipio","Puerto Rico",0,67088,0
39163,"Vinton County","Ohio",0,12630,0
06007,"Butte County","California",1404,207929,0.68
23017,"Oxford County","Maine",86,59255,0.15
29003,"Andrew County","Missouri",19,18065,0.11
29097,"Jasper County","Missouri",105,124357,0.08
37187,"Washington County","North Carolina",0,10812,0
46053,"Gregory County","South Dakota",9,4016,0.22
46021,"Campbell County","South Dakota",0,1593,0
47099,"Lawrence County","Tennessee",16,45385,0.04
48315,"Marion County","Texas",9,9737,0.09
72037,"Ceiba Municipio","Puerto Rico",0,10995,0
48121,"Denton County","Texas",3737,979561,0.38
48025,"Bee County","Texas",30,31083,0.1
48497,"Wise County","Texas",106,75005,0.14
48289,"Leon County","Texas",11,16263,0.07
48505,"Zapata County","Texas",0,13841,0
48083,"Coleman County","Texas",11,7833,0.14
55025,"Dane County","Wisconsin",2280,572674,0.4
39053,"Gallia County","Ohio",15,29068,0.05
46009,"Bon Homme County","South Dakota",2,7044,0.03
51036,"Charles City County","Virginia",0,6627,0
56011,"Crook County","Wyoming",0,7455,0
31077,"Greeley County","Nebraska",0,2202,0
35031,"McKinley County","New Mexico",50,70431,0.07
36029,"Erie County","New York",1024,950622,0.11
12105,"Polk County","Florida",903,790694,0.11
46089,"McPherson County","South Dakota",0,2145,0
28055,"Issaquena County","Mississippi",0,928,0
48383,"Reagan County","Texas",0,3232,0
04011,"Greenlee County","Arizona",0,9409,0
05031,"Craighead County","Arkansas",18,113249,0.02
55111,"Sauk County","Wisconsin",139,66009,0.21
55091,"Pepin County","Wisconsin",0,7431,0
55001,"Adams County","Wisconsin",11,21123,0.05
30059,"Meagher County","Montana",0,2007,0
04001,"Apache County","Arizona",27,65341,0.04
10003,"New Castle County","Delaware",1064,577961,0.18
01121,"Talladega County","Alabama",80,81021,0.1
47065,"Hamilton County","Tennessee",437,376192,0.12
51133,"Northumberland County","Virginia",14,12188,0.11
51510,"Alexandria city","Virginia",708,156976,0.45
01099,"Monroe County","Alabama",0,19388,0
05095,"Monroe County","Arkansas",0,6589,0
12103,"Pinellas County","Florida",2265,963481,0.24
13185,"Lowndes County","Georgia",181,119965,0.15
16017,"Bonner County","Idaho",380,51049,0.74
17193,"White County","Illinois",0,13619,0
78030,"St. Thomas Island","United States Virgin Islands",0,0,0
38085,"Sioux County","North Dakota",0,3740,0
47109,"McNairy County","Tennessee",0,25970,0
47121,"Meigs County","Tennessee",0,13343,0
49031,"Piute County","Utah",0,1694,0
20129,"Morton County","Kansas",0,2611,0
18123,"Perry County","Indiana",24,19270,0.12
19059,"Dickinson County","Iowa",39,17990,0.22
24017,"Charles County","Maryland",667,170527,0.39
24021,"Frederick County","Maryland",752,287048,0.26
05013,"Calhoun County","Arkansas",0,4704,0
13097,"Douglas County","Georgia",91,147888,0.06
13271,"Telfair County","Georgia",0,11831,0
13243,"Randolph County","Georgia",0,6196,0
13093,"Dooly County","Georgia",0,10984,0
13007,"Baker County","Georgia",0,2790,0
13011,"Banks County","Georgia",0,19264,0
17165,"Saline County","Illinois",0,23213,0
06029,"Kern County","California",2731,915075,0.3
22103,"St. Tammany Parish","Louisiana",353,272421,0.13
23027,"Waldo County","Maine",22,40192,0.05
51775,"Salem city","Virginia",25,25618,0.1
29227,"Worth County","Missouri",0,1934,0
72153,"Yauco Municipio","Puerto Rico",0,32993,0
72099,"Moca Municipio","Puerto Rico",11,37424,0.03
37011,"Avery County","North Carolina",30,17680,0.17
48333,"Mills County","Texas",20,4511,0.44
51640,"Galax city","Virginia",5,6726,0.07
26029,"Charlevoix County","Michigan",21,26108,0.08
26151,"Sanilac County","Michigan",32,40462,0.08
24045,"Wicomico County","Maryland",94,104914,0.09
33003,"Carroll County","New Hampshire",25,51804,0.05
17021,"Christian County","Illinois",24,33538,0.07
19121,"Madison County","Iowa",0,16926,0
20079,"Harvey County","Kansas",21,33756,0.06
21081,"Grant County","Kentucky",0,25418,0
21213,"Simpson County","Kentucky",28,19972,0.14
23025,"Somerset County","Maine",20,50959,0.04
25009,"Essex County","Massachusetts",1743,813054,0.21
21195,"Pike County","Kentucky",28,56727,0.05
54031,"Hardy County","West Virginia",0,14243,0
27155,"Traverse County","Minnesota",23,3243,0.71
05089,"Marion County","Arkansas",12,17228,0.07
06073,"San Diego County","California",42308,3288774,1.29
37095,"Hyde County","North Carolina",0,4592,0
41015,"Curry County","Oregon",13,23381,0.06
26165,"Wexford County","Michigan",2,34077,0.01
18101,"Martin County","Indiana",43,9830,0.44
28163,"Yazoo County","Mississippi",0,24835,0
29113,"Lincoln County","Missouri",41,63057,0.07
21077,"Gallatin County","Kentucky",0,8769,0
31079,"Hall County","Nebraska",124,62536,0.2
26061,"Houghton County","Michigan",36,37693,0.1
37073,"Gates County","North Carolina",0,10376,0
39155,"Trumbull County","Ohio",217,200929,0.11
40067,"Jefferson County","Oklahoma",3,5380,0.06
08077,"Mesa County","Colorado",728,158601,0.46
09190,"Western Connecticut Planning Region","Connecticut",2202,627071,0.35
13047,"Catoosa County","Georgia",71,68634,0.1
13295,"Walker County","Georgia",147,68762,0.21
41011,"Coos County","Oregon",517,64827,0.8
47073,"Hawkins County","Tennessee",11,57964,0.02
12055,"Highlands County","Florida",89,105702,0.08
50025,"Windham County","Vermont",143,45923,0.31
34041,"Warren County","New Jersey",36,110849,0.03
35029,"Luna County","New Mexico",38,25611,0.15
22121,"West Baton Rouge Parish","Louisiana",0,27974,0
37059,"Davie County","North Carolina",15,44122,0.03
39169,"Wayne County","Ohio",60,116588,0.05
40111,"Okmulgee County","Oklahoma",89,36899,0.24
45019,"Charleston County","South Carolina",588,420264,0.14
46083,"Lincoln County","South Dakota",207,70638,0.29
06067,"Sacramento County","California",21376,1594006,1.34
18029,"Dearborn County","Indiana",38,51094,0.07
19005,"Allamakee County","Iowa",13,14092,0.09
51093,"Isle of Wight County","Virginia",108,39974,0.27
51700,"Newport News city","Virginia",573,184216,0.31
54071,"Pendleton County","West Virginia",0,6043,0
41029,"Jackson County","Oregon",1584,222645,0.71
42027,"Centre County","Pennsylvania",309,158576,0.19
45059,"Laurens County","South Carolina",25,68666,0.04
47009,"Blount County","Tennessee",217,139333,0.16
51185,"Tazewell County","Virginia",12,39624,0.03
12047,"Hamilton County","Florida",0,13616,0
54051,"Marshall County","West Virginia",3,29865,0.01
12129,"Wakulla County","Florida",76,35387,0.21
13223,"Paulding County","Georgia",249,178909,0.14
23005,"Cumberland County","Maine",893,308827,0.29
24039,"Somerset County","Maryland",0,24822,0
20119,"Meade County","Kansas",0,3903,0
29127,"Marion County","Missouri",0,28457,0
16039,"Elmore County","Idaho",139,29321,0.47
17167,"Sangamon County","Illinois",225,194947,0.12
18109,"Morgan County","Indiana",148,72659,0.2
16029,"Caribou County","Idaho",0,7162,0
20173,"Sedgwick County","Kansas",1348,528226,0.26
47185,"White County","Tennessee",0,28160,0
31017,"Brown County","Nebraska",0,2869,0
48389,"Reeves County","Texas",0,12664,0
48297,"Live Oak County","Texas",488,11620,4.2
51009,"Amherst County","Virginia",18,31485,0.06
51683,"Manassas city","Virginia",395,42976,0.92
13289,"Twiggs County","Georgia",0,7803,0
13043,"Candler County","Georgia",14,11043,0.13
18105,"Monroe County","Indiana",670,140965,0.48
19105,"Jones County","Iowa",1,20896,0
19027,"Carroll County","Iowa",1,20594,0
20061,"Geary County","Kansas",97,35815,0.27
21095,"Harlan County","Kentucky",0,25772,0
22127,"Winn Parish","Louisiana",0,13467,0
29087,"Holt County","Missouri",2,4240,0.05
08037,"Eagle County","Colorado",46,55135,0.08
36117,"Wayne County","New York",51,90929,0.06
21067,"Fayette County","Kentucky",1670,323725,0.52
21141,"Logan County","Kentucky",4,27986,0.01
21177,"Muhlenberg County","Kentucky",0,30591,0
21011,"Bath County","Kentucky",0,12851,0
22011,"Beauregard Parish","Louisiana",25,36676,0.07
18155,"Switzerland County","Indiana",0,9909,0
53037,"Kittitas County","Washington",416,47172,0.88
54049,"Marion County","West Virginia",168,55909,0.3
32011,"Eureka County","Nevada",0,1585,0
72127,"San Juan Municipio","Puerto Rico",60,336160,0.02
40093,"Major County","Oklahoma",23,7628,0.3
45081,"Saluda County","South Carolina",6,19131,0.03
13121,"Fulton County","Georgia",4134,1076561,0.38
13105,"Elbert County","Georgia",0,19849,0
13067,"Cobb County","Georgia",2305,775208,0.3
13177,"Lee County","Georgia",0,33626,0
08031,"Denver County","Colorado",3686,718877,0.51
38067,"Pembina County","North Dakota",12,6727,0.18
12019,"Clay County","Florida",805,227584,0.35
27001,"Aitkin County","Minnesota",12,16056,0.07
18115,"Ohio County","Indiana",20,5999,0.33
28145,"Union County","Mississippi",22,28122,0.08
28013,"Calhoun County","Mississippi",0,12922,0
28091,"Marion County","Mississippi",0,24193,0
29091,"Howell County","Missouri",41,40383,0.1
21167,"Mercer County","Kentucky",25,23028,0.11
35057,"Torrance County","New Mexico",0,15490,0
46117,"Stanley County","South Dakota",0,3015,0
48165,"Gaines County","Texas",0,22232,0
51029,"Buckingham County","Virginia",0,16976,0
55099,"Price County","Wisconsin",18,14092,0.13
01097,"Mobile County","Alabama",307,412590,0.07
01039,"Covington County","Alabama",53,37628,0.14
15003,"Honolulu County","Hawaii",241669,1001146,24.14
18153,"Sullivan County","Indiana",1,20780,0
18047,"Franklin County","Indiana",36,23020,0.16
19109,"Kossuth County","Iowa",0,14516,0
20207,"Woodson County","Kansas",0,3109,0
21009,"Barren County","Kentucky",148,44938,0.33
12121,"Suwannee County","Florida",5,45342,0.01
48359,"Oldham County","Texas",0,2249,0
53039,"Klickitat County","Washington",64,23411,0.27
13153,"Houston County","Georgia",134,169649,0.08
13089,"DeKalb County","Georgia",1997,765351,0.26
13269,"Taylor County","Georgia",16,7786,0.21
36025,"Delaware County","New York",83,44487,0.19
36039,"Greene County","New York",49,47409,0.1
37099,"Jackson County","North Carolina",73,43771,0.17
40103,"Noble County","Oklahoma",0,10897,0
41005,"Clackamas County","Oregon",4600,423975,1.08
05015,"Carroll County","Arkansas",2,28626,0.01
11001,"District of Columbia","District of Columbia",2603,681294,0.38
01043,"Cullman County","Alabama",72,90566,0.08
17127,"Massac County","Illinois",3,13865,0.02
22043,"Grant Parish","Louisiana",75,22095,0.34
22039,"Evangeline Parish","Louisiana",0,32060,0
28017,"Chickasaw County","Mississippi",33,16915,0.2
29187,"St. Francois County","Missouri",67,66999,0.1
29041,"Chariton County","Missouri",0,7390,0
29023,"Butler County","Missouri",102,42020,0.24
17115,"Macon County","Illinois",99,101849,0.1
18001,"Adams County","Indiana",32,36227,0.09
19079,"Hamilton County","Iowa",3,14886,0.02
19089,"Howard County","Iowa",0,9445,0
19145,"Page County","Iowa",0,15131,0
21073,"Franklin County","Kentucky",15,51842,0.03
21029,"Bullitt County","Kentucky",143,84027,0.17
24027,"Howard County","Maryland",1796,336328,0.53
26145,"Saginaw County","Michigan",143,188665,0.08
42075,"Lebanon County","Pennsylvania",84,144186,0.06
42119,"Union County","Pennsylvania",63,42456,0.15
45007,"Anderson County","South Carolina",161,210478,0.08
47117,"Marshall County","Tennessee",0,36049,0
31043,"Dakota County","Nebraska",25,21354,0.12
48455,"Trinity County","Texas",0,14046,0
18077,"Jefferson County","Indiana",176,32998,0.53
18083,"Knox County","Indiana",16,36007,0.04
21015,"Boone County","Kentucky",428,139841,0.31
22105,"Tangipahoa Parish","Louisiana",0,136738,0
30019,"Daniels County","Montana",0,1494,0
30035,"Glacier County","Montana",5,13637,0.04
31099,"Kearney County","Nebraska",1,6713,0.01
31181,"Webster County","Nebraska",23,3360,0.68
35009,"Curry County","New Mexico",11,47638,0.02
36093,"Schenectady County","New York",276,160369,0.17
27089,"Marshall County","Minnesota",4,8909,0.04
27051,"Grant County","Minnesota",5,6127,0.08
18137,"Ripley County","Indiana",43,29095,0.15
29093,"Iron County","Missouri",0,9446,0
31127,"Nemaha County","Nebraska",0,7046,0
30109,"Wibaux County","Montana",0,1193,0
48491,"Williamson County","Texas",3894,672688,0.58
48411,"San Saba County","Texas",7,5696,0.12
48493,"Wilson County","Texas",34,52781,0.06
51171,"Shenandoah County","Virginia",32,44925,0.07
51760,"Richmond city","Virginia",574,229359,0.25
33015,"Rockingham County","New Hampshire",1013,319082,0.32
36003,"Allegany County","New York",68,47159,0.14
36083,"Rensselaer County","New York",170,160332,0.11
36055,"Monroe County","New York",1409,753753,0.19
48467,"Van Zandt County","Texas",48,62649,0.08
36113,"Warren County","New York",37,65517,0.06
40109,"Oklahoma County","Oklahoma",2726,806199,0.34
22099,"St. Martin Parish","Louisiana",5,51353,0.01
40117,"Pawnee County","Oklahoma",0,15795,0
29157,"Perry County","Missouri",169,18976,0.89
36051,"Livingston County","New York",103,61498,0.17
37123,"Montgomery County","North Carolina",0,26007,0
38099,"Walsh County","North Dakota",0,10396,0
39127,"Perry County","Ohio",77,35535,0.22
54085,"Ritchie County","West Virginia",0,8286,0
30025,"Fallon County","Montana",0,2760,0
30055,"McCone County","Montana",0,1670,0
30091,"Sheridan County","Montana",0,3669,0
31061,"Franklin County","Nebraska",0,2846,0
54041,"Lewis County","West Virginia",0,16740,0
54033,"Harrison County","West Virginia",10,64984,0.02
47163,"Sullivan County","Tennessee",146,160624,0.09
37117,"Martin County","North Carolina",0,21644,0
39005,"Ashland County","Ohio",55,52256,0.11
41051,"Multnomah County","Oregon",9290,801477,1.16
42035,"Clinton County","Pennsylvania",28,37798,0.07
22107,"Tensas Parish","Louisiana",2,3935,0.05
36053,"Madison County","New York",87,67328,0.13
47013,"Campbell County","Tennessee",0,39761,0
47075,"Haywood County","Tennessee",8,17475,0.05
48277,"Lamar County","Texas",0,50669,0
48489,"Willacy County","Texas",0,20139,0
54067,"Nicholas County","West Virginia",45,24277,0.19
55119,"Taylor County","Wisconsin",33,20024,0.16
72011,"Añasco Municipio","Puerto Rico",0,25094,0
54091,"Taylor County","West Virginia",15,16487,0.09
54103,"Wetzel County","West Virginia",6,14078,0.04
39051,"Fulton County","Ohio",17,42240,0.04
47011,"Bradley County","Tennessee",54,111065,0.05
12079,"Madison County","Florida",0,18089,0
51005,"Alleghany County","Virginia",0,14859,0
22021,"Caldwell Parish","Louisiana",4,9500,0.04
22041,"Franklin Parish","Louisiana",0,19408,0
29037,"Cass County","Missouri",240,110773,0.22
36045,"Jefferson County","New York",344,115040,0.3
36105,"Sullivan County","New York",173,79721,0.22
48041,"Brazos County","Texas",730,242311,0.3
51047,"Culpeper County","Virginia",158,54397,0.29
51187,"Warren County","Virginia",120,41531,0.29
35023,"Hidalgo County","New Mexico",4,4041,0.1
41025,"Harney County","Oregon",67,7499,0.89
01077,"Lauderdale County","Alabama",191,95830,0.2
06111,"Ventura County","California",9897,837469,1.18
12023,"Columbia County","Florida",33,71789,0.05
72001,"Adjuntas Municipio","Puerto Rico",0,17960,0
72007,"Aguas Buenas Municipio","Puerto Rico",0,23614,0
72061,"Guaynabo Municipio","Puerto Rico",0,89378,0
54019,"Fayette County","West Virginia",0,39519,0
72029,"Canóvanas Municipio","Puerto Rico",0,41816,0
72041,"Cidra Municipio","Puerto Rico",0,39643,0
72043,"Coamo Municipio","Puerto Rico",0,33998,0
55043,"Grant County","Wisconsin",45,51770,0.09
51131,"Northampton County","Virginia",0,12059,0
36049,"Lewis County","New York",1,26607,0
27157,"Wabasha County","Minnesota",25,21565,0.12
40013,"Bryan County","Oklahoma",6,48253,0.01
01117,"Shelby County","Alabama",456,230211,0.2
12063,"Jackson County","Florida",44,48250,0.09
01025,"Clarke County","Alabama",0,22543,0
01085,"Lowndes County","Alabama",0,9833,0
04021,"Pinal County","Arizona",1451,469006,0.31
20011,"Bourbon County","Kansas",32,14394,0.22
72065,"Hatillo Municipio","Puerto Rico",0,38157,0
31065,"Furnas County","Nebraska",2,4568,0.04
26079,"Kalkaska County","Michigan",0,18239,0
01115,"St. Clair County","Alabama",182,94166,0.19
05093,"Mississippi County","Arkansas",3,39126,0.01
12013,"Calhoun County","Florida",0,13492,0
51175,"Southampton County","Virginia",0,17964,0
55121,"Trempealeau County","Wisconsin",9,30839,0.03
36075,"Oswego County","New York",84,117953,0.07
06113,"Yolo County","California",3718,220564,1.69
37139,"Pasquotank County","North Carolina",16,40834,0.04
13245,"Richmond County","Georgia",346,206069,0.17
18163,"Vanderburgh County","Indiana",288,180117,0.16
18051,"Gibson County","Indiana",22,33000,0.07
21037,"Campbell County","Kentucky",120,93426,0.13
21111,"Jefferson County","Kentucky",1398,783022,0.18
25003,"Berkshire County","Massachusetts",275,129430,0.21
26139,"Ottawa County","Michigan",371,301203,0.12
29189,"St. Louis County","Missouri",2254,995569,0.23
12037,"Franklin County","Florida",0,12553,0
12045,"Gulf County","Florida",0,15131,0
12053,"Hernando County","Florida",188,207018,0.09
12133,"Washington County","Florida",4,25529,0.02
12075,"Levy County","Florida",105,45391,0.23
22051,"Jefferson Parish","Louisiana",613,430920,0.14
36079,"Putnam County","New York",293,98107,0.3
37143,"Perquimans County","North Carolina",15,13244,0.11
55123,"Vernon County","Wisconsin",22,31049,0.07
48299,"Llano County","Texas",58,22424,0.26
25027,"Worcester County","Massachusetts",2011,867788,0.23
36061,"New York County","New York",16136,1629477,0.99
36021,"Columbia County","New York",129,61100,0.21
35039,"Rio Arriba County","New Mexico",0,40070,0
48391,"Refugio County","Texas",0,6707,0
20017,"Chase County","Kansas",0,2561,0
01023,"Choctaw County","Alabama",0,12380,0
05003,"Ashley County","Arkansas",0,18429,0
12077,"Liberty County","Florida",3,7687,0.04
06033,"Lake County","California",279,68152,0.41
12107,"Putnam County","Florida",53,75164,0.07
12127,"Volusia County","Florida",877,579622,0.15
36089,"St. Lawrence County","New York",96,107226,0.09
48317,"Martin County","Texas",0,5218,0
26141,"Presque Isle County","Michigan",5,13209,0.04
06055,"Napa County","California",1199,134869,0.89
37045,"Cleveland County","North Carolina",37,100991,0.04
06103,"Tehama County","California",114,65167,0.17
39015,"Brown County","Ohio",0,43845,0
42029,"Chester County","Pennsylvania",1506,547840,0.27
06075,"San Francisco County","California",16094,830235,1.94
06017,"El Dorado County","California",1639,192662,0.85
01009,"Blount County","Alabama",8,59518,0.01
13111,"Fannin County","Georgia",12,25742,0.05
12131,"Walton County","Florida",168,82948,0.2
13087,"Decatur County","Georgia",0,29195,0
13095,"Dougherty County","Georgia",230,83091,0.28
13235,"Pulaski County","Georgia",39,9939,0.39
40119,"Payne County","Oklahoma",310,82972,0.37
28157,"Wilkinson County","Mississippi",0,8162,0
22065,"Madison Parish","Louisiana",0,9513,0
28149,"Warren County","Mississippi",23,43020,0.05
12097,"Osceola County","Florida",514,427415,0.12
53049,"Pacific County","Washington",77,23994,0.32
08097,"Pitkin County","Colorado",3,16985,0.02
16019,"Bonneville County","Idaho",769,129523,0.59
17087,"Johnson County","Illinois",2,13376,0.01
17085,"Jo Daviess County","Illinois",120,21851,0.55
05063,"Independence County","Arkansas",34,38175,0.09
27075,"Lake County","Minnesota",3,10879,0.03
29069,"Dunklin County","Missouri",56,27493,0.2
28011,"Bolivar County","Mississippi",15,29534,0.05
28025,"Clay County","Mississippi",0,18383,0
54063,"Monroe County","West Virginia",35,12386,0.28
46129,"Walworth County","South Dakota",0,5271,0
28085,"Lincoln County","Mississippi",0,34877,0
22067,"Morehouse Parish","Louisiana",15,24551,0.06
05137,"Stone County","Arkansas",0,12568,0
51740,"Portsmouth city","Virginia",268,97190,0.28
08013,"Boulder County","Colorado",2868,328961,0.87
29223,"Wayne County","Missouri",0,10862,0
48329,"Midland County","Texas",269,174801,0.15
29153,"Ozark County","Missouri",0,8873,0
18087,"LaGrange County","Indiana",0,40805,0
18037,"Dubois County","Indiana",15,43614,0.03
18061,"Harrison County","Indiana",0,39859,0
21231,"Wayne County","Kentucky",0,19602,0
22053,"Jefferson Davis Parish","Louisiana",15,31924,0.05
29105,"Laclede County","Missouri",25,36390,0.07
31153,"Sarpy County","Nebraska",589,197389,0.3
28087,"Lowndes County","Mississippi",104,57838,0.18
39095,"Lucas County","Ohio",644,428018,0.15
12073,"Leon County","Florida",925,297542,0.31
28047,"Harrison County","Mississippi",951,210891,0.45
72071,"Isabela Municipio","Puerto Rico",0,42890,0
72083,"Las Marías Municipio","Puerto Rico",0,8744,0
54075,"Pocahontas County","West Virginia",0,7784,0
18135,"Randolph County","Indiana",9,24387,0.04
29179,"Reynolds County","Missouri",14,6010,0.23
08041,"El Paso County","Colorado",5151,742999,0.69
22077,"Pointe Coupee Parish","Louisiana",0,20217,0
30063,"Missoula County","Montana",527,120672,0.44
21007,"Ballard County","Kentucky",18,7654,0.24
31141,"Platte County","Nebraska",69,34716,0.2
36097,"Schuyler County","New York",0,17562,0
37163,"Sampson County","North Carolina",65,59470,0.11
39151,"Stark County","Ohio",422,373713,0.11
39103,"Medina County","Ohio",641,183660,0.35
45035,"Dorchester County","South Carolina",457,167201,0.27
51165,"Rockingham County","Virginia",40,85600,0.05
05087,"Madison County","Arkansas",30,17329,0.17
16051,"Jefferson County","Idaho",80,33154,0.24
18013,"Brown County","Indiana",0,15606,0
20151,"Pratt County","Kansas",5,9127,0.05
21005,"Anderson County","Kentucky",161,24353,0.66
21199,"Pulaski County","Kentucky",136,65897,0.21
55137,"Waushara County","Wisconsin",11,24868,0.04
34037,"Sussex County","New Jersey",178,145807,0.12
29111,"Lewis County","Missouri",20,9924,0.2
34003,"Bergen County","New Jersey",9245,962316,0.96
48487,"Wilbarger County","Texas",0,12616,0
08071,"Las Animas County","Colorado",31,14413,0.22
45033,"Dillon County","South Carolina",0,27862,0
31105,"Kimball County","Nebraska",17,3248,0.52
48045,"Briscoe County","Texas",0,1301,0
48177,"Gonzales County","Texas",0,19851,0
51137,"Orange County","Virginia",98,37822,0.26
51183,"Sussex County","Virginia",1,10765,0.01
54087,"Roane County","West Virginia",0,13786,0
55049,"Iowa County","Wisconsin",13,23867,0.05
60050,"Western District","American Samoa",0,0,0
22015,"Bossier Parish","Louisiana",256,129789,0.2
27033,"Cottonwood County","Minnesota",0,11458,0
29213,"Taney County","Missouri",25,56529,0.04
30101,"Toole County","Montana",9,5061,0.18
37035,"Catawba County","North Carolina",138,163573,0.08
36033,"Franklin County","New York",24,46696,0.05
36101,"Steuben County","New York",72,92588,0.08
04005,"Coconino County","Arizona",632,144508,0.44
33013,"Merrimack County","New Hampshire",363,155967,0.23
29181,"Ripley County","Missouri",9,10708,0.08
29186,"Ste. Genevieve County","Missouri",0,18571,0
22083,"Richland Parish","Louisiana",0,19822,0
48261,"Kenedy County","Texas",1,145,0.69
30089,"Sanders County","Montana",21,13285,0.16
38025,"Dunn County","North Dakota",50,4040,1.24
46063,"Harding County","South Dakota",0,1148,0
51021,"Bland County","Virginia",10,6199,0.16
04027,"Yuma County","Arizona",562,211741,0.27
08113,"San Miguel County","Colorado",0,7968,0
37005,"Alleghany County","North Carolina",0,11174,0
47051,"Franklin County","Tennessee",8,43990,0.02
13015,"Bartow County","Georgia",112,113113,0.1
13251,"Screven County","Georgia",9,14130,0.06
17143,"Peoria County","Illinois",271,179645,0.15
13239,"Quitman County","Georgia",0,2264,0
19077,"Guthrie County","Iowa",4,10688,0.04
17037,"DeKalb County","Illinois",273,100703,0.27
26045,"Eaton County","Michigan",166,109130,0.15
37155,"Robeson County","North Carolina",34,116902,0.03
21121,"Knox County","Kentucky",0,29865,0
21125,"Laurel County","Kentucky",27,62983,0.04
55023,"Crawford County","Wisconsin",35,16042,0.22
08035,"Douglas County","Colorado",2812,377150,0.75
48061,"Cameron County","Texas",433,426120,0.1
22089,"St. Charles Parish","Louisiana",15,51396,0.03
01047,"Dallas County","Alabama",22,36858,0.06
21027,"Breckinridge County","Kentucky",8,20881,0.04
21185,"Oldham County","Kentucky",118,69257,0.17
17151,"Pope County","Illinois",1,3739,0.03
36011,"Cayuga County","New York",130,75102,0.17
19171,"Tama County","Iowa",4,16868,0.02
20155,"Reno County","Kansas",97,61553,0.16
21133,"Letcher County","Kentucky",0,20808,0
22001,"Acadia Parish","Louisiana",54,56955,0.09
26015,"Barry County","Michigan",161,63409,0.25
28089,"Madison County","Mississippi",284,111647,0.25
29199,"Scotland County","Missouri",0,4686,0
21127,"Lawrence County","Kentucky",0,16077,0
21145,"McCracken County","Kentucky",164,67564,0.24
46091,"Marshall County","South Dakota",0,4344,0
21181,"Nicholas County","Kentucky",0,7708,0
21189,"Owsley County","Kentucky",0,3971,0
21197,"Powell County","Kentucky",0,13038,0
36065,"Oneida County","New York",226,229124,0.1
37113,"Macon County","North Carolina",33,37941,0.09
20019,"Chautauqua County","Kansas",1,3370,0.03
40001,"Adair County","Oklahoma",25,19575,0.13
48183,"Gregg County","Texas",76,125480,0.06
37043,"Clay County","North Carolina",0,11610,0
39013,"Belmont County","Ohio",14,65473,0.02
44009,"Washington County","Rhode Island",357,130344,0.27
20137,"Norton County","Kansas",0,5359,0
30085,"Roosevelt County","Montana",11,10526,0.1
35035,"Otero County","New Mexico",138,68816,0.2
36015,"Chemung County","New York",231,82147,0.28
42091,"Montgomery County","Pennsylvania",1705,867573,0.2
47165,"Sumner County","Tennessee",466,204424,0.23
17039,"De Witt County","Illinois",36,15373,0.23
06009,"Calaveras County","California",238,46248,0.51
21017,"Bourbon County","Kentucky",9,20240,0.04
27015,"Brown County","Minnesota",47,25800,0.18
21035,"Calloway County","Kentucky",24,38224,0.06
45073,"Oconee County","South Carolina",63,80469,0.08
42127,"Wayne County","Pennsylvania",168,51262,0.33
46127,"Union County","South Dakota",0,17081,0
48215,"Hidalgo County","Texas",797,891977,0.09
55059,"Kenosha County","Wisconsin",609,168438,0.36
26085,"Lake County","Michigan",31,12563,0.25
46103,"Pennington County","South Dakota",320,113512,0.28
47071,"Hardin County","Tennessee",0,27249,0
48231,"Hunt County","Texas",134,108972,0.12
48245,"Jefferson County","Texas",522,253878,0.21
48119,"Delta County","Texas",0,5438,0
45013,"Beaufort County","South Carolina",509,195289,0.26
37087,"Haywood County","North Carolina",49,62662,0.08
47057,"Grainger County","Tennessee",0,24266,0
45021,"Cherokee County","South Carolina",0,56647,0
36043,"Herkimer County","New York",48,59757,0.08
05071,"Johnson County","Arkansas",51,26003,0.2
36095,"Schoharie County","New York",32,30049,0.11
42103,"Pike County","Pennsylvania",87,60621,0.14
42115,"Susquehanna County","Pennsylvania",32,38219,0.08
01035,"Conecuh County","Alabama",0,11275,0
17169,"Schuyler County","Illinois",0,6787,0
18145,"Shelby County","Indiana",256,45265,0.57
18157,"Tippecanoe County","Indiana",1167,189071,0.62
18027,"Daviess County","Indiana",56,33658,0.17
20117,"Marshall County","Kansas",38,9993,0.38
22009,"Avoyelles Parish","Louisiana",8,38905,0.02
28073,"Lamar County","Mississippi",235,65713,0.36
31143,"Polk County","Nebraska",9,5225,0.17
51550,"Chesapeake city","Virginia",799,252583,0.32
53025,"Grant County","Washington",646,101799,0.63
35051,"Sierra County","New Mexico",21,11500,0.18
38001,"Adams County","North Dakota",0,2145,0
29171,"Putnam County","Missouri",0,4642,0
29197,"Schuyler County","Missouri",0,4038,0
53027,"Grays Harbor County","Washington",104,77053,0.13
53031,"Jefferson County","Washington",315,33577,0.94
53043,"Lincoln County","Washington",21,11489,0.18
35001,"Bernalillo County","New Mexico",2943,673930,0.44
35061,"Valencia County","New Mexico",160,78458,0.2
72145,"Vega Baja Municipio","Puerto Rico",0,53892,0
36009,"Cattaraugus County","New York",64,76145,0.08
72137,"Toa Baja Municipio","Puerto Rico",10,73039,0.01
12125,"Union County","Florida",3,15701,0.02
17057,"Fulton County","Illinois",30,33020,0.09
72143,"Vega Alta Municipio","Puerto Rico",0,34921,0
19133,"Monona County","Iowa",0,8557,0
20043,"Doniphan County","Kansas",9,7503,0.12
13265,"Taliaferro County","Georgia",22,1558,1.41
13267,"Tattnall County","Georgia",0,24208,0
40057,"Harmon County","Oklahoma",0,2406,0
05081,"Little River County","Arkansas",10,11821,0.08
42003,"Allegheny County","Pennsylvania",2931,1238177,0.24
06027,"Inyo County","California",91,18739,0.49
53055,"San Juan County","Washington",77,18478,0.42
20021,"Cherokee County","Kansas",0,19151,0
13229,"Pierce County","Georgia",0,20202,0
13299,"Ware County","Georgia",19,35976,0.05
42033,"Clearfield County","Pennsylvania",31,78635,0.04
02090,"Fairbanks North Star Borough","Alaska",1235,95460,1.29
12115,"Sarasota County","Florida",817,459547,0.18
13279,"Toombs County","Georgia",0,27102,0
40085,"Love County","Oklahoma",18,10261,0.18
23011,"Kennebec County","Maine",109,126808,0.09
10001,"Kent County","Delaware",457,187604,0.24
13189,"McDuffie County","Georgia",85,21718,0.39
34001,"Atlantic County","New Jersey",560,276270,0.2
05097,"Montgomery County","Arkansas",0,8553,0
51660,"Harrisonburg city","Virginia",163,51392,0.32
29205,"Shelby County","Missouri",6,5986,0.1
48201,"Harris County","Texas",12268,4838303,0.25
37061,"Duplin County","North Carolina",9,49335,0.02
12029,"Dixie County","Florida",31,17058,0.18
27021,"Cass County","Minnesota",58,30992,0.19
39171,"Williams County","Ohio",9,36719,0.02
30087,"Rosebud County","Montana",0,8165,0
48065,"Carson County","Texas",0,5801,0
38101,"Ward County","North Dakota",436,68973,0.63
20009,"Barton County","Kansas",8,25097,0.03
45045,"Greenville County","South Carolina",1734,548166,0.32
16077,"Power County","Idaho",4,8133,0.05
17141,"Ogle County","Illinois",40,51495,0.08
20161,"Riley County","Kansas",326,71946,0.45
41061,"Union County","Oregon",20,26144,0.08
13085,"Dawson County","Georgia",16,30242,0.05
13063,"Clayton County","Georgia",281,298924,0.09
41063,"Wallowa County","Oregon",0,7553,0
05105,"Perry County","Arkansas",23,10101,0.23
22101,"St. Mary Parish","Louisiana",0,47828,0
05109,"Pike County","Arkansas",0,10115,0
40035,"Craig County","Oklahoma",0,14302,0
48217,"Hill County","Texas",33,37328,0.09
20015,"Butler County","Kansas",64,68287,0.09
17083,"Jersey County","Illinois",115,21274,0.54
18035,"Delaware County","Indiana",67,112280,0.06
20185,"Stafford County","Kansas",0,3978,0
40131,"Rogers County","Oklahoma",87,98610,0.09
40101,"Muskogee County","Oklahoma",240,66444,0.36
26031,"Cheboygan County","Michigan",0,25865,0
40135,"Sequoyah County","Oklahoma",74,39860,0.19
41041,"Lincoln County","Oregon",232,50964,0.46
48419,"Shelby County","Texas",9,24155,0.04
55115,"Shawano County","Wisconsin",47,41039,0.11
16061,"Lewis County","Idaho",12,3682,0.33
16069,"Nez Perce County","Idaho",159,42697,0.37
41071,"Yamhill County","Oregon",697,108734,0.64
02110,"Juneau City and Borough","Alaska",191,31794,0.6
02016,"Aleutians West Census Area","Alaska",94,5235,1.8
55057,"Juneau County","Wisconsin",8,26689,0.03
05077,"Lee County","Arkansas",0,8359,0
55053,"Jackson County","Wisconsin",15,20981,0.07
48221,"Hood County","Texas",88,65894,0.13
12015,"Charlotte County","Florida",352,201064,0.18
13001,"Appling County","Georgia",0,18493,0
01051,"Elmore County","Alabama",262,89526,0.29
18039,"Elkhart County","Indiana",306,207132,0.15
41035,"Klamath County","Oregon",181,70247,0.26
02282,"Yakutat City and Borough","Alaska",50,527,9.49
08017,"Cheyenne County","Colorado",0,1741,0
32023,"Nye County","Nevada",356,54344,0.66
51145,"Powhatan County","Virginia",15,31555,0.05
06089,"Shasta County","California",412,181436,0.23
45091,"York County","South Carolina",551,293673,0.19
27077,"Lake of the Woods County","Minnesota",0,3821,0
02068,"Denali Borough","Alaska",0,1969,0
02170,"Matanuska-Susitna Borough","Alaska",572,112988,0.51
55125,"Vilas County","Wisconsin",11,23647,0.05
34017,"Hudson County","New Jersey",2570,718323,0.36
38093,"Stutsman County","North Dakota",34,21549,0.16
10005,"Sussex County","Delaware",262,255626,0.1
37089,"Henderson County","North Carolina",98,118484,0.08
16001,"Ada County","Idaho",4623,518935,0.89
08045,"Garfield County","Colorado",200,62479,0.32
12061,"Indian River County","Florida",380,166936,0.23
37049,"Craven County","North Carolina",358,102612,0.35
48181,"Grayson County","Texas",302,143337,0.21
22033,"East Baton Rouge Parish","Louisiana",849,452938,0.19
01001,"Autauga County","Alabama",12,59947,0.02
38079,"Rolette County","North Dakota",0,11924,0
30103,"Treasure County","Montana",1,732,0.14
30111,"Yellowstone County","Montana",831,168957,0.49
31051,"Dixon County","Nebraska",0,5545,0
55007,"Bayfield County","Wisconsin",22,16575,0.13
45029,"Colleton County","South Carolina",11,38783,0.03
42019,"Butler County","Pennsylvania",324,197254,0.16
27139,"Scott County","Minnesota",424,154557,0.27
46017,"Buffalo County","South Dakota",0,1808,0
42007,"Beaver County","Pennsylvania",293,166324,0.18
36013,"Chautauqua County","New York",31,125544,0.02
20003,"Anderson County","Kansas",0,7834,0
17075,"Iroquois County","Illinois",24,26449,0.09
01067,"Henry County","Alabama",0,17647,0
39099,"Mahoning County","Ohio",369,226491,0.16
19039,"Clarke County","Iowa",7,9662,0.07
40041,"Delaware County","Oklahoma",33,41279,0.08
36017,"Chenango County","New York",8,46321,0.02
48471,"Walker County","Texas",133,80209,0.17
51810,"Virginia Beach city","Virginia",2297,456349,0.5
48307,"McCulloch County","Texas",0,7514,0
72123,"Salinas Municipio","Puerto Rico",0,25079,0
26163,"Wayne County","Michigan",3349,1772259,0.19
51053,"Dinwiddie County","Virginia",57,28191,0.2
20181,"Sherman County","Kansas",0,5858,0
01101,"Montgomery County","Alabama",592,226718,0.26
39121,"Noble County","Ohio",0,14282,0
48361,"Orange County","Texas",15,85307,0.02
06035,"Lassen County","California",48,30356,0.16
39057,"Greene County","Ohio",544,169688,0.32
42039,"Crawford County","Pennsylvania",47,82716,0.06
17091,"Kankakee County","Illinois",95,106635,0.09
21101,"Henderson County","Kentucky",107,44280,0.24
16003,"Adams County","Idaho",6,4744,0.13
01073,"Jefferson County","Alabama",1075,667755,0.16
48287,"Lee County","Texas",16,17971,0.09
40069,"Johnston County","Oklahoma",35,10278,0.34
51031,"Campbell County","Virginia",38,55312,0.07
48225,"Houston County","Texas",10,22051,0.05
40121,"Pittsburg County","Oklahoma",28,43561,0.06
26099,"Macomb County","Michigan",1455,879853,0.17
26135,"Oscoda County","Michigan",0,8425,0
18183,"Whitley County","Indiana",81,34618,0.23
19111,"Lee County","Iowa",32,32893,0.1
51073,"Gloucester County","Virginia",32,39526,0.08
17161,"Rock Island County","Illinois",158,142757,0.11
39135,"Preble County","Ohio",8,40765,0.02
13059,"Clarke County","Georgia",191,129609,0.15
08091,"Ouray County","Colorado",0,5087,0
17153,"Pulaski County","Illinois",0,5015,0
05121,"Randolph County","Arkansas",3,18838,0.02
39003,"Allen County","Ohio",59,101348,0.06
27059,"Isanti County","Minnesota",29,42596,0.07
48407,"San Jacinto County","Texas",11,28441,0.04
66010,"Guam","Guam",0,0,0
48395,"Robertson County","Texas",0,17167,0
51079,"Greene County","Virginia",61,21155,0.29
51139,"Page County","Virginia",2,23727,0.01
39009,"Athens County","Ohio",135,61737,0.22
22057,"Lafourche Parish","Louisiana",37,96252,0.04
26047,"Emmet County","Michigan",25,34125,0.07
72125,"San Germán Municipio","Puerto Rico",0,31305,0
37185,"Warren County","North Carolina",3,18795,0.02
72053,"Fajardo Municipio","Puerto Rico",0,31489,0
17089,"Kane County","Illinois",1463,517255,0.28
16085,"Valley County","Idaho",6,12389,0.05
51083,"Halifax County","Virginia",9,33639,0.03
08111,"San Juan County","Colorado",0,724,0
48385,"Real County","Texas",0,2802,0
06079,"San Luis Obispo County","California",3529,281555,1.25
05147,"Woodruff County","Arkansas",0,6026,0
13039,"Camden County","Georgia",213,56970,0.37
42125,"Washington County","Pennsylvania",102,210042,0.05
54053,"Mason County","West Virginia",0,25043,0
37075,"Graham County","North Carolina",0,8072,0
01065,"Hale County","Alabama",0,14829,0
69085,"Northern Islands Municipality","Commonwealth of the Northern Mariana Islands",0,0,0
69110,"Saipan Municipality","Commonwealth of the Northern Mariana Islands",0,0,0
72113,"Ponce Municipio","Puerto Rico",0,132760,0
30005,"Blaine County","Montana",0,6949,0
38033,"Golden Valley County","North Dakota",0,1653,0
55017,"Chippewa County","Wisconsin",111,66799,0.17
51085,"Hanover County","Virginia",223,112879,0.2
13081,"Crisp County","Georgia",9,19790,0.05
48387,"Red River County","Texas",6,11611,0.05
19129,"Mills County","Iowa",5,14568,0.03
08125,"Yuma County","Colorado",0,9979,0
19161,"Sac County","Iowa",4,9689,0.04
05073,"Lafayette County","Arkansas",0,6136,0
06043,"Mariposa County","California",65,17082,0.38
39081,"Jefferson County","Ohio",53,64518,0.08
28083,"Leflore County","Mississippi",2,27141,0.01
39001,"Adams County","Ohio",0,27540,0
39111,"Monroe County","Ohio",5,13227,0.04
54099,"Wayne County","West Virginia",20,38164,0.05
39167,"Washington County","Ohio",275,58978,0.47
18003,"Allen County","Indiana",687,392378,0.18
19163,"Scott County","Iowa",348,174608,0.2
02158,"Kusilvak Census Area","Alaska",0,8176,0
46101,"Moody County","South Dakota",3,6397,0.05
55051,"Iron County","Wisconsin",2,6210,0.03
01071,"Jackson County","Alabama",19,53053,0.04
17181,"Union County","Illinois",4,16997,0.02
08039,"Elbert County","Colorado",41,27874,0.15
21053,"Clinton County","Kentucky",0,9202,0
48403,"Sabine County","Texas",0,10023,0
48427,"Starr County","Texas",0,66067,0
13109,"Evans County","Georgia",0,10757,0
17195,"Whiteside County","Illinois",40,54947,0.07
13293,"Upson County","Georgia",93,28029,0.33
48279,"Lamb County","Texas",0,12828,0
27145,"Stearns County","Minnesota",364,160865,0.23
30065,"Musselshell County","Montana",9,5152,0.17
13297,"Walton County","Georgia",272,103313,0.26
34013,"Essex County","New Jersey",1873,863002,0.22
51027,"Buchanan County","Virginia",36,19415,0.19
51091,"Highland County","Virginia",0,2296,0
54061,"Monongalia County","West Virginia",260,107163,0.24
01089,"Madison County","Alabama",1654,405718,0.41
18107,"Montgomery County","Indiana",18,38312,0.05
39091,"Logan County","Ohio",8,46089,0.02
29019,"Boone County","Missouri",1012,188043,0.54
37179,"Union County","North Carolina",279,250958,0.11
19107,"Keokuk County","Iowa",8,9924,0.08
06105,"Trinity County","California",157,15860,0.99
17203,"Woodford County","Illinois",60,38312,0.16
13139,"Hall County","Georgia",409,212705,0.19
30007,"Broadwater County","Montana",0,7668,0
30077,"Powell County","Montana",7,7053,0.1
13209,"Montgomery County","Georgia",0,8640,0
01129,"Washington County","Alabama",19,15143,0.13
28133,"Sunflower County","Mississippi",83,24333,0.34
28159,"Winston County","Mississippi",0,17536,0
29129,"Mercer County","Missouri",0,3482,0
39049,"Franklin County","Ohio",7472,1333048,0.56
29165,"Platte County","Missouri",432,110371,0.39
53057,"Skagit County","Washington",601,131328,0.46
13313,"Whitfield County","Georgia",183,103598,0.18
50003,"Bennington County","Vermont",97,37269,0.26
17015,"Carroll County","Illinois",10,15576,0.06
17001,"Adams County","Illinois",53,64754,0.08
39165,"Warren County","Ohio",1324,250008,0.53
12011,"Broward County","Florida",2833,1977129,0.14
13161,"Jeff Davis County","Georgia",0,14924,0
12051,"Hendry County","Florida",0,42382,0
39175,"Wyandot County","Ohio",19,21598,0.09
33019,"Sullivan County","New Hampshire",151,43715,0.35
35059,"Union County","New Mexico",0,4013,0
39089,"Licking County","Ohio",340,181837,0.19
51181,"Surry County","Virginia",3,6549,0.05
48175,"Goliad County","Texas",0,7141,0
37191,"Wayne County","North Carolina",185,118652,0.16
48141,"El Paso County","Texas",2201,870779,0.25
39061,"Hamilton County","Ohio",1866,830774,0.22
54003,"Berkeley County","West Virginia",314,129514,0.24
50019,"Orleans County","Vermont",9,27606,0.03
53029,"Island County","Washington",759,86836,0.87
13181,"Lincoln County","Georgia",0,7854,0
39025,"Clermont County","Ohio",411,211181,0.19
13191,"McIntosh County","Georgia",0,11312,0
13199,"Meriwether County","Georgia",0,20929,0
48481,"Wharton County","Texas",0,41794,0
48483,"Wheeler County","Texas",0,4862,0
26131,"Ontonagon County","Michigan",20,5850,0.34
05053,"Grant County","Arkansas",0,18242,0
05055,"Greene County","Arkansas",13,46432,0.03
26153,"Schoolcraft County","Michigan",18,8128,0.22
37071,"Gaston County","North Carolina",308,234881,0.13
42121,"Venango County","Pennsylvania",54,49801,0.11
01011,"Bullock County","Alabama",0,10058,0
30027,"Fergus County","Montana",0,11687,0
30071,"Phillips County","Montana",0,4221,0
47081,"Hickman County","Tennessee",34,25436,0.13
55101,"Racine County","Wisconsin",252,197532,0.13
50023,"Washington County","Vermont",176,60017,0.29
31107,"Knox County","Nebraska",10,8363,0.12
31173,"Thurston County","Nebraska",4,6627,0.06
13215,"Muscogee County","Georgia",495,203711,0.24
13219,"Oconee County","Georgia",191,43551,0.44
13225,"Peach County","Georgia",0,28560,0
39017,"Butler County","Ohio",714,392876,0.18
13231,"Pike County","Georgia",37,19903,0.19
39031,"Coshocton County","Ohio",41,36744,0.11
13319,"Wilkinson County","Georgia",0,8747,0
01109,"Pike County","Alabama",0,32987,0
42123,"Warren County","Pennsylvania",15,37920,0.04
51193,"Westmoreland County","Virginia",0,18826,0
34039,"Union County","New Jersey",1494,579290,0.26
29029,"Camden County","Missouri",52,43667,0.12
51197,"Wythe County","Virginia",14,28188,0.05
38091,"Steele County","North Dakota",1,1804,0.06
49015,"Emery County","Utah",0,10046,0
48029,"Bexar County","Texas",7245,2067341,0.35
48281,"Lampasas County","Texas",44,22715,0.19
49023,"Juab County","Utah",82,12586,0.65
49041,"Sevier County","Utah",65,22085,0.29
50017,"Orange County","Vermont",14,29761,0.05
55029,"Door County","Wisconsin",8,30445,0.03
32019,"Lyon County","Nevada",280,61680,0.45
41045,"Malheur County","Oregon",402,31954,1.26
39055,"Geauga County","Ohio",292,95481,0.31
22023,"Cameron Parish","Louisiana",0,5015,0
24009,"Calvert County","Maryland",369,94313,0.39
31055,"Douglas County","Nebraska",1539,590736,0.26
38097,"Traill County","North Dakota",0,7970,0
05069,"Jefferson County","Arkansas",27,64802,0.04
37081,"Guilford County","North Carolina",557,547940,0.1
48057,"Calhoun County","Texas",20,19868,0.1
48323,"Maverick County","Texas",0,58082,0
49051,"Wasatch County","Utah",156,36642,0.43
53019,"Ferry County","Washington",28,7387,0.38
13029,"Bryan County","Georgia",184,48263,0.38
01041,"Crenshaw County","Alabama",1,13122,0.01
01045,"Dale County","Alabama",222,49599,0.45
01081,"Lee County","Alabama",325,181134,0.18
20153,"Rawlins County","Kansas",3,2516,0.12
19097,"Jackson County","Iowa",0,19390,0
08099,"Prowers County","Colorado",0,11910,0
54009,"Brooke County","West Virginia",17,21805,0.08
16011,"Bingham County","Idaho",306,49664,0.62
20149,"Pottawatomie County","Kansas",54,26204,0.21
31157,"Scotts Bluff County","Nebraska",73,35843,0.2
37197,"Yadkin County","North Carolina",79,37574,0.21
48213,"Henderson County","Texas",89,84862,0.1
51081,"Greensville County","Virginia",0,11275,0
38005,"Benson County","North Dakota",2,5808,0.03
22109,"Terrebonne Parish","Louisiana",75,106186,0.07
01029,"Cleburne County","Alabama",16,15426,0.1
72003,"Aguada Municipio","Puerto Rico",0,37758,0
29013,"Bates County","Missouri",6,16186,0.04
22059,"LaSalle Parish","Louisiana",0,14789,0
46123,"Tripp County","South Dakota",0,5611,0
48161,"Freestone County","Texas",39,20049,0.19
13051,"Chatham County","Georgia",504,300879,0.17
39143,"Sandusky County","Ohio",70,58778,0.12
21227,"Warren County","Kentucky",362,140918,0.26
19181,"Warren County","Iowa",63,54409,0.12
13103,"Effingham County","Georgia",171,69143,0.25
48197,"Hardeman County","Texas",0,3501,0
04023,"Santa Cruz County","Arizona",46,48926,0.09
08087,"Morgan County","Colorado",97,29520,0.33
12119,"Sumter County","Florida",180,143408,0.13
21173,"Montgomery County","Kentucky",18,28395,0.06
19025,"Calhoun County","Iowa",0,9803,0
38061,"Mountrail County","North Dakota",0,9507,0
31139,"Pierce County","Nebraska",0,7325,0
51770,"Roanoke city","Virginia",415,98355,0.42
26115,"Monroe County","Michigan",202,155505,0.13
26157,"Tuscola County","Michigan",1,52980,0
18103,"Miami County","Indiana",25,35712,0.07
37189,"Watauga County","North Carolina",164,55123,0.3
34011,"Cumberland County","New Jersey",275,153305,0.18
08029,"Delta County","Colorado",115,31598,0.36
18141,"St. Joseph County","Indiana",494,273040,0.18
40079,"Le Flore County","Oklahoma",113,49053,0.23
54083,"Randolph County","West Virginia",0,27576,0
48451,"Tom Green County","Texas",194,119577,0.16
17069,"Hardin County","Illinois",0,3605,0
13145,"Harris County","Georgia",228,36086,0.63
48457,"Tyler County","Texas",26,20238,0.13
12086,"Miami-Dade County","Florida",2586,2738356,0.09
54093,"Tucker County","West Virginia",0,6654,0
48071,"Chambers County","Texas",0,51498,0
06013,"Contra Costa County","California",16912,1165012,1.45
06045,"Mendocino County","California",288,90244,0.32
31021,"Burt County","Nebraska",21,6740,0.31
50005,"Caledonia County","Vermont",34,30475,0.11
22063,"Livingston Parish","Louisiana",165,148115,0.11
26095,"Luce County","Michigan",1,6271,0.02
05047,"Franklin County","Arkansas",96,17326,0.55
36041,"Hamilton County","New York",0,5089,0
40087,"McClain County","Oklahoma",44,45273,0.1
48343,"Morris County","Texas",3,12076,0.02
16005,"Bannock County","Idaho",621,89454,0.69
16073,"Owyhee County","Idaho",0,12503,0
21071,"Floyd County","Kentucky",65,35224,0.18
51107,"Loudoun County","Virginia",2312,432998,0.53
24029,"Kent County","Maryland",34,19346,0.18
37159,"Rowan County","North Carolina",172,149875,0.11
21239,"Woodford County","Kentucky",44,27279,0.16
55003,"Ashland County","Wisconsin",4,16080,0.02
08015,"Chaffee County","Colorado",27,20178,0.13
29101,"Johnson County","Missouri",221,54732,0.4
08055,"Huerfano County","Colorado",0,6972,0
22095,"St. John the Baptist Parish","Louisiana",67,40743,0.16
28063,"Jefferson County","Mississippi",0,7068,0
37173,"Swain County","North Carolina",0,14013,0
48051,"Burleson County","Texas",0,18857,0
54007,"Braxton County","West Virginia",0,12208,0
48351,"Newton County","Texas",0,12093,0
13283,"Treutlen County","Georgia",0,6376,0
31121,"Merrick County","Nebraska",23,7724,0.3
27029,"Clearwater County","Minnesota",41,8616,0.48
56001,"Albany County","Wyoming",257,38249,0.67
54095,"Tyler County","West Virginia",0,8064,0
19165,"Shelby County","Iowa",0,11778,0
55061,"Kewaunee County","Wisconsin",30,20664,0.15
35027,"Lincoln County","New Mexico",74,20224,0.37
34005,"Burlington County","New Jersey",1571,467805,0.34
01123,"Tallapoosa County","Alabama",0,40938,0
09140,"Naugatuck Valley Planning Region","Connecticut",457,454969,0.1
08119,"Teller County","Colorado",37,24825,0.15
48459,"Upshur County","Texas",21,42567,0.05
36071,"Orange County","New York",923,406616,0.23
29211,"Sullivan County","Missouri",0,5857,0
54107,"Wood County","West Virginia",19,83407,0.02
54015,"Clay County","West Virginia",68,7835,0.87
72054,"Florida Municipio","Puerto Rico",0,11532,0
36115,"Washington County","New York",175,60522,0.29
54027,"Hampshire County","West Virginia",0,23465,0
72025,"Caguas Municipio","Puerto Rico",0,125586,0
17119,"Madison County","Illinois",361,264238,0.14
16087,"Washington County","Idaho",61,11142,0.55
47137,"Pickett County","Tennessee",0,5079,0
05039,"Dallas County","Arkansas",0,6242,0
34025,"Monmouth County","New Jersey",1052,645353,0.16
26109,"Menominee County","Michigan",45,23247,0.19
21107,"Hopkins County","Kentucky",23,45119,0.05
48117,"Deaf Smith County","Texas",41,18460,0.22
53007,"Chelan County","Washington",215,80172,0.27
12017,"Citrus County","Florida",656,162472,0.4
12117,"Seminole County","Florida",1020,481470,0.21
54005,"Boone County","West Virginia",6,21026,0.03
54035,"Jackson County","West Virginia",68,27705,0.25
72031,"Carolina Municipio","Puerto Rico",0,152204,0
01079,"Lawrence County","Alabama",39,33276,0.12
05035,"Crittenden County","Arkansas",6,47266,0.01
06025,"Imperial County","California",472,180202,0.26
40153,"Woodward County","Oklahoma",8,20158,0.04
18085,"Kosciusko County","Indiana",148,80442,0.18
51177,"Spotsylvania County","Virginia",406,146603,0.28
35015,"Eddy County","New Mexico",487,61105,0.8
26105,"Mason County","Michigan",12,29207,0.04
27053,"Hennepin County","Minnesota",4797,1269496,0.38
17067,"Hancock County","Illinois",6,17281,0.03
42013,"Blair County","Pennsylvania",85,121277,0.07
28001,"Adams County","Mississippi",0,28803,0
08023,"Costilla County","Colorado",39,3607,1.08
34031,"Passaic County","New Jersey",766,521012,0.15
31161,"Sheridan County","Nebraska",2,5014,0.04
45031,"Darlington County","South Carolina",21,62558,0.03
31177,"Washington County","Nebraska",20,21106,0.09
78020,"St. John Island","United States Virgin Islands",0,0,0
30031,"Gallatin County","Montana",647,124074,0.52
56003,"Big Horn County","Wyoming",17,11828,0.14
21115,"Johnson County","Kentucky",0,22334,0
37037,"Chatham County","North Carolina",189,80151,0.24
21157,"Marshall County","Kentucky",35,31743,0.11
51025,"Brunswick County","Virginia",0,15841,0
26121,"Muskegon County","Michigan",192,175961,0.11
48137,"Edwards County","Texas",0,1290,0
47017,"Carroll County","Tennessee",0,28641,0
45017,"Calhoun County","South Carolina",25,14182,0.18
45053,"Jasper County","South Carolina",121,32166,0.38
47077,"Henderson County","Tennessee",1,27980,0
27069,"Kittson County","Minnesota",0,4084,0
40115,"Ottawa County","Oklahoma",59,30341,0.19
13183,"Long County","Georgia",168,18374,0.91
36069,"Ontario County","New York",193,112625,0.17
45067,"Marion County","South Carolina",0,28664,0
29005,"Atchison County","Missouri",2,5187,0.04
53011,"Clark County","Washington",4397,516959,0.85
47155,"Sevier County","Tennessee",28,99652,0.03
48035,"Bosque County","Texas",0,18687,0
56009,"Converse County","Wyoming",10,13762,0.07
47067,"Hancock County","Tennessee",0,6852,0
45039,"Fairfield County","South Carolina",18,20550,0.09
45049,"Hampton County","South Carolina",0,18254,0
45057,"Lancaster County","South Carolina",91,104475,0.09
55095,"Polk County","Wisconsin",63,45555,0.14
49009,"Daggett County","Utah",6,783,0.77
49025,"Kane County","Utah",23,8170,0.28
56031,"Platte County","Wyoming",0,8612,0
45075,"Orangeburg County","South Carolina",19,83253,0.02
41031,"Jefferson County","Oregon",14,25203,0.06
46109,"Roberts County","South Dakota",0,10221,0
06087,"Santa Cruz County","California",2849,264926,1.08
28045,"Hancock County","Mississippi",140,46167,0.3
17133,"Monroe County","Illinois",27,35036,0.08
48037,"Bowie County","Texas",50,92115,0.05
53003,"Asotin County","Washington",8,22467,0.04
41067,"Washington County","Oregon",11118,603947,1.84
56033,"Sheridan County","Wyoming",19,32055,0.06
34015,"Gloucester County","New Jersey",439,306954,0.14
45003,"Aiken County","South Carolina",915,174160,0.53
21065,"Estill County","Kentucky",31,14035,0.22
28081,"Lee County","Mississippi",75,83034,0.09
55037,"Florence County","Wisconsin",6,4646,0.13
19071,"Fremont County","Iowa",14,6514,0.21
42061,"Huntingdon County","Pennsylvania",109,43653,0.25
42071,"Lancaster County","Pennsylvania",776,557931,0.14
39007,"Ashtabula County","Ohio",84,97167,0.09
31063,"Frontier County","Nebraska",0,2569,0
26013,"Baraga County","Michigan",1,8191,0.01
72129,"San Lorenzo Municipio","Puerto Rico",0,37431,0
04019,"Pima County","Arizona",5106,1060490,0.48
18043,"Floyd County","Indiana",97,80918,0.12
53021,"Franklin County","Washington",379,98902,0.38
30093,"Silver Bow County","Montana",34,35785,0.1
41039,"Lane County","Oregon",4455,384207,1.16
29201,"Scott County","Missouri",32,37933,0.08
21057,"Cumberland County","Kentucky",0,5948,0
45047,"Greenwood County","South Carolina",40,69489,0.06
48321,"Matagorda County","Texas",25,36329,0.07
01107,"Pickens County","Alabama",0,18721,0
01033,"Colbert County","Alabama",60,58022,0.1
05145,"White County","Arkansas",85,77838,0.11
39019,"Carroll County","Ohio",9,26659,0.03
06061,"Placer County","California",4841,419156,1.15
20113,"McPherson County","Kansas",46,30205,0.15
16057,"Latah County","Idaho",235,41049,0.57
16081,"Teton County","Idaho",171,12425,1.38
17179,"Tazewell County","Illinois",216,130290,0.17
28109,"Pearl River County","Mississippi",9,57458,0.02
13305,"Wayne County","Georgia",17,30949,0.05
27171,"Wright County","Minnesota",95,148269,0.06
51099,"King George County","Virginia",50,27896,0.18
30057,"Madison County","Montana",43,9223,0.47
54029,"Hancock County","West Virginia",33,28431,0.12
27049,"Goodhue County","Minnesota",75,47943,0.16
21069,"Fleming County","Kentucky",0,15323,0
40023,"Choctaw County","Oklahoma",4,14297,0.03
55031,"Douglas County","Wisconsin",44,44229,0.1
26049,"Genesee County","Michigan",524,403305,0.13
42079,"Luzerne County","Pennsylvania",226,327675,0.07
31037,"Colfax County","Nebraska",0,10641,0
48443,"Terrell County","Texas",0,835,0
39157,"Tuscarawas County","Ohio",13,92385,0.01
13221,"Oglethorpe County","Georgia",0,15509,0
13317,"Wilkes County","Georgia",0,9549,0
12069,"Lake County","Florida",1203,412924,0.29
31025,"Cass County","Nebraska",40,27161,0.15
42129,"Westmoreland County","Pennsylvania",333,352500,0.09
51019,"Bedford County","Virginia",97,80894,0.12
40033,"Cotton County","Oklahoma",0,5485,0
12083,"Marion County","Florida",829,400078,0.21
25021,"Norfolk County","Massachusetts",3503,730082,0.48
17077,"Jackson County","Illinois",188,53064,0.35
21151,"Madison County","Kentucky",29,95769,0.03
37015,"Bertie County","North Carolina",9,17170,0.05
31133,"Pawnee County","Nebraska",0,2530,0
08009,"Baca County","Colorado",0,3428,0
26055,"Grand Traverse County","Michigan",165,96166,0.17
46023,"Charles Mix County","South Dakota",11,9281,0.12
18139,"Rush County","Indiana",0,16739,0
41059,"Umatilla County","Oregon",505,79940,0.63
55041,"Forest County","Wisconsin",0,9369,0
28007,"Attala County","Mississippi",15,17526,0.09
08107,"Routt County","Colorado",117,25084,0.47
28147,"Walthall County","Mississippi",15,13839,0.11
48275,"Knox County","Texas",66,3307,2
40129,"Roger Mills County","Oklahoma",0,3359,0
06059,"Orange County","California",56430,3165820,1.78
31147,"Richardson County","Nebraska",0,7751,0
47151,"Scott County","Tennessee",2,22113,0.01
22073,"Ouachita Parish","Louisiana",71,158480,0.04
40149,"Washita County","Oklahoma",12,10815,0.11
41037,"Lake County","Oregon",4,8267,0.05
51141,"Patrick County","Virginia",0,17512,0
42067,"Juniata County","Pennsylvania",4,23379,0.02
47107,"McMinn County","Tennessee",64,54884,0.12
24033,"Prince George's County","Maryland",1783,959754,0.19
21043,"Carter County","Kentucky",0,26341,0
39117,"Morrow County","Ohio",0,35404,0
27063,"Jackson County","Minnesota",0,9933,0
48331,"Milam County","Texas",111,25567,0.43
51103,"Lancaster County","Virginia",11,10936,0.1
18177,"Wayne County","Indiana",70,66397,0.11
05085,"Lonoke County","Arkansas",156,75272,0.21
42005,"Armstrong County","Pennsylvania",30,64622,0.05
18129,"Posey County","Indiana",94,25116,0.37
06069,"San Benito County","California",697,67290,1.04
40029,"Coal County","Oklahoma",14,5320,0.26
54021,"Gilmer County","West Virginia",12,7288,0.16
51125,"Nelson County","Virginia",0,14732,0
06041,"Marin County","California",3048,257969,1.18
48017,"Bailey County","Texas",0,6913,0
21003,"Allen County","Kentucky",3,21293,0.01
28095,"Monroe County","Mississippi",0,33747,0
33001,"Belknap County","New Hampshire",61,64659,0.09
36005,"Bronx County","New York",1476,1404779,0.11
05011,"Bradley County","Arkansas",0,10208,0
35013,"Doña Ana County","New Mexico",470,224266,0.21
26161,"Washtenaw County","Michigan",2202,369822,0.6
27163,"Washington County","Minnesota",367,276238,0.13
13157,"Jackson County","Georgia",87,84757,0.1
20031,"Coffey County","Kansas",4,8308,0.05
27023,"Chippewa County","Minnesota",7,12377,0.06
20075,"Hamilton County","Kansas",0,2471,0
39113,"Montgomery County","Ohio",1172,536096,0.22
40123,"Pontotoc County","Oklahoma",38,38235,0.1
01133,"Winston County","Alabama",9,23682,0.04
30083,"Richland County","Montana",0,11235,0
49045,"Tooele County","Utah",164,79347,0.21
01093,"Marion County","Alabama",1,29184,0
39107,"Mercer County","Ohio",34,42484,0.08
47129,"Morgan County","Tennessee",7,21361,0.03
51121,"Montgomery County","Virginia",341,99101,0.34
05007,"Benton County","Arkansas",604,303632,0.2
39085,"Lake County","Ohio",270,232216,0.12
56041,"Uinta County","Wyoming",73,20644,0.35
13037,"Calhoun County","Georgia",2,5498,0.04
34021,"Mercer County","New Jersey",2043,385864,0.53
19061,"Dubuque County","Iowa",94,99030,0.09
06081,"San Mateo County","California",15802,742340,2.13
30047,"Lake County","Montana",74,32561,0.23
50013,"Grand Isle County","Vermont",19,7450,0.26
08021,"Conejos County","Colorado",4,7530,0.05
34033,"Salem County","New Jersey",205,65275,0.31
32001,"Churchill County","Nevada",208,25805,0.81
32510,"Carson City","Nevada",216,58384,0.37
13107,"Emanuel County","Georgia",61,23026,0.26
37083,"Halifax County","North Carolina",96,47675,0.2
13135,"Gwinnett County","Georgia",2940,979864,0.3
34035,"Somerset County","New Jersey",1034,349846,0.3
06011,"Colusa County","California",43,21984,0.2
37067,"Forsyth County","North Carolina",731,389977,0.19
12109,"St. Johns County","Florida",1386,306934,0.45
53073,"Whatcom County","Washington",2267,230503,0.98
49029,"Morgan County","Utah",135,12802,1.05
06015,"Del Norte County","California",225,27107,0.83
01015,"Calhoun County","Alabama",66,116090,0.06
12039,"Gadsden County","Florida",36,43710,0.08
18019,"Clark County","Indiana",191,124354,0.15
01055,"Etowah County","Alabama",201,103105,0.19
02020,"Anchorage Municipality","Alaska",2719,288976,0.94
21059,"Daviess County","Kentucky",178,103648,0.17
22027,"Claiborne Parish","Louisiana",0,13833,0
26063,"Huron County","Michigan",3,31113,0.01
31027,"Cedar County","Nebraska",23,8315,0.28
55021,"Columbia County","Wisconsin",56,58272,0.1
55127,"Walworth County","Wisconsin",124,105657,0.12
26027,"Cass County","Michigan",59,51520,0.11
13263,"Talbot County","Georgia",26,5742,0.45
45041,"Florence County","South Carolina",52,137117,0.04
48355,"Nueces County","Texas",532,352955,0.15
48469,"Victoria County","Texas",119,91413,0.13
29139,"Montgomery County","Missouri",0,11426,0
72021,"Bayamón Municipio","Puerto Rico",23,182469,0.01
51007,"Amelia County","Virginia",0,13462,0
12065,"Jefferson County","Florida",43,15091,0.28
22087,"St. Bernard Parish","Louisiana",27,44419,0.06
26041,"Delta County","Michigan",49,36813,0.13
27047,"Freeborn County","Minnesota",13,30623,0.04
29099,"Jefferson County","Missouri",152,229458,0.07
37133,"Onslow County","North Carolina",1444,207906,0.69
37055,"Dare County","North Carolina",33,37875,0.09
15007,"Kauai County","Hawaii",13705,73731,18.59
46093,"Meade County","South Dakota",36,30546,0.12
12003,"Baker County","Florida",19,28430,0.07
06095,"Solano County","California",5473,451918,1.21
37041,"Chowan County","North Carolina",0,13836,0
55063,"La Crosse County","Wisconsin",153,120488,0.13
51199,"York County","Virginia",599,71005,0.84
22071,"Orleans Parish","Louisiana",776,371853,0.21
29045,"Clark County","Missouri",0,6675,0
37019,"Brunswick County","North Carolina",152,152568,0.1
42117,"Tioga County","Pennsylvania",19,40945,0.05
47103,"Lincoln County","Tennessee",40,35946,0.11
51710,"Norfolk city","Virginia",627,233596,0.27
08117,"Summit County","Colorado",136,31017,0.44
42045,"Delaware County","Pennsylvania",1176,579222,0.2
12043,"Glades County","Florida",0,12563,0
55071,"Manitowoc County","Wisconsin",106,81406,0.13
55083,"Oconto County","Wisconsin",74,39589,0.19
27071,"Koochiching County","Minnesota",6,11833,0.05
28027,"Coahoma County","Mississippi",0,20540,0
20005,"Atchison County","Kansas",24,16208,0.15
17183,"Vermilion County","Illinois",32,72386,0.04
08019,"Clear Creek County","Colorado",0,9262,0
40075,"Kiowa County","Oklahoma",5,8383,0.06
40141,"Tillman County","Oklahoma",0,6910,0
53061,"Snohomish County","Washington",10036,844430,1.19
53051,"Pend Oreille County","Washington",57,14050,0.41
13187,"Lumpkin County","Georgia",237,34505,0.69
13255,"Spalding County","Georgia",92,68892,0.13
17157,"Randolph County","Illinois",40,30058,0.13
06021,"Glenn County","California",7,28494,0.02
13023,"Bleckley County","Georgia",6,12430,0.05
13303,"Washington County","Georgia",0,19849,0
18117,"Orange County","Indiana",28,19767,0.14
20177,"Shawnee County","Kansas",617,178025,0.35
21097,"Harrison County","Kentucky",16,19140,0.08
22097,"St. Landry Parish","Louisiana",42,81670,0.05
28121,"Rankin County","Mississippi",78,158854,0.05
20103,"Leavenworth County","Kansas",364,83123,0.44
34029,"Ocean County","New Jersey",1007,654362,0.15
26119,"Montmorency County","Michigan",3,9516,0.03
26125,"Oakland County","Michigan",9010,1279825,0.7
48113,"Dallas County","Texas",5889,2621179,0.22
22075,"Plaquemines Parish","Louisiana",0,22803,0
08043,"Fremont County","Colorado",107,49634,0.22
48253,"Jones County","Texas",8,20304,0.04
17113,"McLean County","Illinois",315,171556,0.18
17137,"Morgan County","Illinois",0,33021,0
18097,"Marion County","Indiana",1640,975809,0.17
17173,"Shelby County","Illinois",12,20720,0.06
21193,"Perry County","Kentucky",24,27499,0.09
23021,"Piscataquis County","Maine",14,17263,0.08
29027,"Callaway County","Missouri",28,44741,0.06
30105,"Valley County","Montana",23,7519,0.31
31067,"Gage County","Nebraska",21,21629,0.1
37101,"Johnston County","North Carolina",376,234263,0.16
38105,"Williams County","North Dakota",10,39555,0.03
39129,"Pickaway County","Ohio",32,60131,0.05
60010,"Eastern District","American Samoa",0,0,0
38037,"Grant County","North Dakota",0,2269,0
32005,"Douglas County","Nevada",89,49623,0.18
20085,"Jackson County","Kansas",0,13341,0
32007,"Elko County","Nevada",29,54047,0.05
18011,"Boone County","Indiana",190,74718,0.25
19115,"Louisa County","Iowa",0,10678,0
26033,"Chippewa County","Michigan",63,36295,0.17
41019,"Douglas County","Oregon",453,112072,0.4
21075,"Fulton County","Kentucky",0,6409,0
21051,"Clay County","Kentucky",6,19921,0.03
36121,"Wyoming County","New York",2,39753,0.01
37135,"Orange County","North Carolina",698,149678,0.47
26083,"Keweenaw County","Michigan",0,2133,0
27011,"Big Stone County","Minnesota",9,5127,0.18
47131,"Obion County","Tennessee",10,30453,0.03
47171,"Unicoi County","Tennessee",25,17756,0.14
49057,"Weber County","Utah",1627,269648,0.6
54039,"Kanawha County","West Virginia",81,176537,0.05
06109,"Tuolumne County","California",450,54498,0.83
19173,"Taylor County","Iowa",0,5868,0
27127,"Redwood County","Minnesota",7,15350,0.05
05049,"Fulton County","Arkansas",28,12302,0.23
13193,"Macon County","Georgia",0,11864,0
48005,"Angelina County","Texas",109,87275,0.12
48477,"Washington County","Texas",0,36647,0
48179,"Gray County","Texas",10,21045,0.05
28077,"Lawrence County","Mississippi",4,11786,0.03
51830,"Williamsburg city","Virginia",100,15798,0.63
54101,"Webster County","West Virginia",0,8144,0
56037,"Sweetwater County","Wyoming",28,41542,0.07
38071,"Ramsey County","North Dakota",0,11556,0
42097,"Northumberland County","Pennsylvania",116,90560,0.13
29185,"St. Clair County","Missouri",21,9587,0.22
30045,"Judith Basin County","Montana",4,2071,0.19
48185,"Grimes County","Texas",2,31340,0.01
48357,"Ochiltree County","Texas",0,9786,0
49011,"Davis County","Utah",2742,370924,0.74
55067,"Langlade County","Wisconsin",12,19490,0.06
32033,"White Pine County","Nevada",0,8735,0
47181,"Wayne County","Tennessee",0,16168,0
46055,"Haakon County","South Dakota",0,1722,0
06097,"Sonoma County","California",3019,485040,0.62
22035,"East Carroll Parish","Louisiana",0,7072,0
13275,"Thomas County","Georgia",40,45777,0.09
72017,"Barceloneta Municipio","Puerto Rico",0,22494,0
28005,"Amite County","Mississippi",0,12565,0
46075,"Jones County","South Dakota",0,1004,0
51017,"Bath County","Virginia",0,4100,0
04003,"Cochise County","Arizona",673,125566,0.54
53077,"Yakima County","Washington",657,257152,0.26
55073,"Marathon County","Wisconsin",112,138403,0.08
72097,"Mayagüez Municipio","Puerto Rico",0,70828,0
72023,"Cabo Rojo Municipio","Puerto Rico",0,46876,0
46043,"Douglas County","South Dakota",15,2828,0.53
47015,"Cannon County","Tennessee",70,14818,0.47
01111,"Randolph County","Alabama",9,22510,0.04
54059,"Mingo County","West Virginia",0,22542,0
56045,"Weston County","Wyoming",0,6826,0
21201,"Robertson County","Kentucky",0,2283,0
19193,"Woodbury County","Iowa",255,106247,0.24
28021,"Claiborne County","Mississippi",56,8582,0.65
28033,"DeSoto County","Mississippi",384,191301,0.2
13131,"Grady County","Georgia",0,26108,0
72119,"Río Grande Municipio","Puerto Rico",0,46051,0
72085,"Las Piedras Municipio","Puerto Rico",0,34951,0
54109,"Wyoming County","West Virginia",0,20629,0
05041,"Desha County","Arkansas",0,10786,0
34027,"Morris County","New Jersey",1491,514528,0.29
12021,"Collier County","Florida",550,398291,0.14
06023,"Humboldt County","California",1404,134541,1.04
09160,"Northwest Hills Planning Region","Connecticut",184,113216,0.16
01131,"Wilcox County","Alabama",0,10172,0
05119,"Pulaski County","Arkansas",406,399818,0.1
05101,"Newton County","Arkansas",0,7112,0
49053,"Washington County","Utah",637,196431,0.32
47049,"Fentress County","Tennessee",5,19309,0.03
35045,"San Juan County","New Mexico",162,120942,0.13
54077,"Preston County","West Virginia",3,34160,0.01
46041,"Dewey County","South Dakota",0,5205,0
47105,"Loudon County","Tennessee",51,58580,0.09
13073,"Columbia County","Georgia",739,162434,0.45
26059,"Hillsdale County","Michigan",32,45654,0.07
37053,"Currituck County","North Carolina",135,30601,0.44
51001,"Accomack County","Virginia",0,33335,0
17197,"Will County","Illinois",969,701462,0.14
18127,"Porter County","Indiana",372,174818,0.21
21223,"Trimble County","Kentucky",4,8550,0.05
25007,"Dukes County","Massachusetts",107,20933,0.51
26101,"Manistee County","Michigan",29,25350,0.11
27025,"Chisago County","Minnesota",60,57991,0.1
30041,"Hill County","Montana",133,16155,0.82
27043,"Faribault County","Minnesota",0,13914,0
36019,"Clinton County","New York",145,78493,0.18
02066,"Copper River Census Area","Alaska",18,2626,0.69
26005,"Allegan County","Michigan",199,121456,0.16
37129,"New Hanover County","North Carolina",311,235229,0.13
17201,"Winnebago County","Illinois",245,283292,0.09
19045,"Clinton County","Iowa",48,46268,0.1
27129,"Renville County","Minnesota",28,14558,0.19
31047,"Dawson County","Nebraska",47,24202,0.19
38053,"McKenzie County","North Dakota",8,14321,0.06
45001,"Abbeville County","South Carolina",5,24420,0.02
72115,"Quebradillas Municipio","Puerto Rico",0,23409,0
08103,"Rio Blanco County","Colorado",9,6544,0.14
18151,"Steuben County","Indiana",0,34726,0
29021,"Buchanan County","Missouri",366,83568,0.44
37153,"Richmond County","North Carolina",47,42344,0.11
41007,"Clatsop County","Oregon",75,41363,0.18
48409,"San Patricio County","Texas",92,70181,0.13
44007,"Providence County","Rhode Island",1049,664854,0.16
48465,"Val Verde County","Texas",116,47741,0.24
54037,"Jefferson County","West Virginia",168,59260,0.28
37181,"Vance County","North Carolina",0,42322,0
40045,"Ellis County","Oklahoma",0,3683,0
18165,"Vermillion County","Indiana",44,15421,0.29
16025,"Camas County","Idaho",0,1124,0
47189,"Wilson County","Tennessee",139,158805,0.09
17081,"Jefferson County","Illinois",18,36550,0.05
47003,"Bedford County","Tennessee",35,52237,0.07
29155,"Pemiscot County","Missouri",0,14958,0
44005,"Newport County","Rhode Island",409,84657,0.48
27061,"Itasca County","Minnesota",42,45275,0.09
20025,"Clark County","Kansas",0,1974,0
51191,"Washington County","Virginia",5,53926,0.01
54055,"Mercer County","West Virginia",48,58563,0.08
13227,"Pickens County","Georgia",129,34951,0.37
13053,"Chattahoochee County","Georgia",10,8887,0.11
18017,"Cass County","Indiana",64,37680,0.17
20045,"Douglas County","Kansas",437,120302,0.36
21217,"Taylor County","Kentucky",13,26397,0.05
21211,"Shelby County","Kentucky",43,49096,0.09
13045,"Carroll County","Georgia",268,124569,0.22
17175,"Stark County","Illinois",0,5308,0
18119,"Owen County","Indiana",11,21604,0.05
19191,"Winneshiek County","Iowa",28,19873,0.14
21147,"McCreary County","Kentucky",0,16867,0
22113,"Vermilion Parish","Louisiana",0,57123,0
27099,"Mower County","Minnesota",67,40343,0.17
29167,"Polk County","Missouri",38,32444,0.12
18181,"White County","Indiana",57,24717,0.23
40145,"Wagoner County","Oklahoma",160,86609,0.18
46031,"Corson County","South Dakota",0,3806,0
09130,"Lower Connecticut River Valley Planning Region","Connecticut",237,175822,0.13
09150,"Northeastern Connecticut Planning Region","Connecticut",194,96312,0.2
48155,"Foard County","Texas",0,991,0
29161,"Phelps County","Missouri",36,45194,0.08
05083,"Logan County","Arkansas",0,21277,0
37097,"Iredell County","North Carolina",448,196544,0.23
37109,"Lincoln County","North Carolina",93,92716,0.1
08033,"Dolores County","Colorado",0,2432,0
13077,"Coweta County","Georgia",672,152852,0.44
05127,"Scott County","Arkansas",0,9816,0
21025,"Breathitt County","Kentucky",0,13276,0
23019,"Penobscot County","Maine",201,154710,0.13
26107,"Mecosta County","Michigan",29,41242,0.07
27141,"Sherburne County","Minnesota",27,100560,0.03
18175,"Washington County","Indiana",19,28212,0.07
29209,"Stone County","Missouri",81,32048,0.25
36073,"Orleans County","New York",15,39608,0.04
37027,"Caldwell County","North Carolina",92,80536,0.11
30003,"Big Horn County","Montana",25,12891,0.19
35006,"Cibola County","New Mexico",164,26845,0.61
22037,"East Feliciana Parish","Louisiana",32,19271,0.17
36057,"Montgomery County","New York",72,49528,0.15
37111,"McDowell County","North Carolina",28,44817,0.06
48163,"Frio County","Texas",7,18582,0.04
36059,"Nassau County","New York",3582,1389591,0.26
17071,"Henderson County","Illinois",0,6193,0
16015,"Boise County","Idaho",128,8273,1.55
05117,"Prairie County","Arkansas",0,8064,0
39097,"Madison County","Ohio",115,44423,0.26
37161,"Rutherford County","North Carolina",45,64930,0.07
08049,"Grand County","Colorado",1,15895,0.01
13141,"Hancock County","Georgia",0,8650,0
08051,"Gunnison County","Colorado",117,17241,0.68
39119,"Muskingum County","Ohio",62,86411,0.07
41017,"Deschutes County","Oregon",1548,206334,0.75
42087,"Mifflin County","Pennsylvania",17,46041,0.04
45063,"Lexington County","South Carolina",331,304887,0.11
47123,"Monroe County","Tennessee",22,47695,0.05
42081,"Lycoming County","Pennsylvania",69,113489,0.06
45055,"Kershaw County","South Carolina",64,68314,0.09
48259,"Kendall County","Texas",58,48567,0.12
29151,"Osage County","Missouri",3,13402,0.02
28135,"Tallahatchie County","Mississippi",0,11764,0
54079,"Putnam County","West Virginia",296,57177,0.52
05107,"Phillips County","Arkansas",0,15450,0
02122,"Kenai Peninsula Borough","Alaska",316,60413,0.52
55129,"Washburn County","Wisconsin",4,16854,0.02
27095,"Mille Lacs County","Minnesota",14,27125,0.05
05103,"Ouachita County","Arkansas",59,22085,0.27
12031,"Duval County","Florida",2319,1023153,0.23
01125,"Tuscaloosa County","Alabama",509,237552,0.21
54011,"Cabell County","West Virginia",161,92739,0.17
54045,"Logan County","West Virginia",70,31418,0.22
01119,"Sumter County","Alabama",8,11878,0.07
01127,"Walker County","Alabama",16,64841,0.02
51155,"Pulaski County","Virginia",19,33687,0.06
31103,"Keya Paha County","Nebraska",0,822,0
51163,"Rockbridge County","Virginia",16,22531,0.07
51161,"Roanoke County","Virginia",216,97023,0.22
51195,"Wise County","Virginia",103,35448,0.29
56039,"Teton County","Wyoming",35,23396,0.15
72107,"Orocovis Municipio","Puerto Rico",0,21309,0
35033,"Mora County","New Mexico",0,4149,0
46095,"Mellette County","South Dakota",0,1943,0
29047,"Clay County","Missouri",725,258122,0.28
46121,"Todd County","South Dakota",12,9244,0.13
29147,"Nodaway County","Missouri",25,20774,0.12
48425,"Somervell County","Texas",0,9691,0
28143,"Tunica County","Mississippi",0,9475,0
12123,"Taylor County","Florida",7,21503,0.03
53009,"Clallam County","Washington",570,77813,0.73
54025,"Greenbrier County","West Virginia",27,32386,0.08
72035,"Cayey Municipio","Puerto Rico",0,40917,0
35007,"Colfax County","New Mexico",39,12322,0.32
49001,"Beaver County","Utah",0,7273,0
01019,"Cherokee County","Alabama",0,25443,0
39105,"Meigs County","Ohio",0,21896,0
48365,"Panola County","Texas",0,22726,0
31031,"Cherry County","Nebraska",3,5498,0.05
20027,"Clay County","Kansas",2,8048,0.02
01053,"Escambia County","Alabama",24,36629,0.07
05113,"Polk County","Arkansas",0,19361,0
34009,"Cape May County","New Jersey",79,94941,0.08
34023,"Middlesex County","New Jersey",1294,871290,0.15
37121,"Mitchell County","North Carolina",36,14992,0.24
13311,"White County","Georgia",9,28810,0.03
13169,"Jones County","Georgia",0,28673,0
06051,"Mono County","California",72,13148,0.55
39029,"Columbiana County","Ohio",0,100704,0
27169,"Winona County","Minnesota",90,49779,0.18
35025,"Lea County","New Mexico",0,73733,0
33017,"Strafford County","New Hampshire",245,132575,0.18
21139,"Livingston County","Kentucky",0,8903,0
24031,"Montgomery County","Maryland",7516,1065949,0.71
39093,"Lorain County","Ohio",474,317129,0.15
48347,"Nacogdoches County","Texas",140,65162,0.21
51061,"Fauquier County","Virginia",289,74577,0.39
47041,"DeKalb County","Tennessee",33,20959,0.16
06099,"Stanislaus County","California",2374,553990,0.43
40007,"Beaver County","Oklahoma",3,5028,0.06
18131,"Pulaski County","Indiana",39,12441,0.31
48475,"Ward County","Texas",0,11144,0
51045,"Craig County","Virginia",0,4856,0
20007,"Barber County","Kansas",0,4069,0
48499,"Wood County","Texas",21,46961,0.04
31117,"McPherson County","Nebraska",0,475,0
19155,"Pottawattamie County","Iowa",181,93424,0.19
25001,"Barnstable County","Massachusetts",583,231668,0.25
15001,"Hawaii County","Hawaii",38478,205769,18.7
48337,"Montague County","Texas",22,21046,0.1
54023,"Grant County","West Virginia",0,10983,0
47115,"Marion County","Tennessee",23,29250,0.08
05023,"Cleburne County","Arkansas",36,25226,0.14
02275,"Wrangell City and Borough","Alaska",4,2088,0.19
27123,"Ramsey County","Minnesota",2062,542945,0.38
21105,"Hickman County","Kentucky",26,4439,0.59
26071,"Iron County","Michigan",17,11667,0.15
26133,"Osceola County","Michigan",15,23227,0.06
48131,"Duval County","Texas",0,9742,0
41049,"Morrow County","Oregon",8,12300,0.07
08093,"Park County","Colorado",0,17907,0
22085,"Sabine Parish","Louisiana",16,21977,0.07
48349,"Navarro County","Texas",9,54711,0.02
53069,"Wahkiakum County","Washington",0,4658,0
23013,"Knox County","Maine",37,41003,0.09
37125,"Moore County","North Carolina",470,104876,0.45
48001,"Anderson County","Texas",21,58439,0.04
49027,"Millard County","Utah",2,13315,0.02
47019,"Carter County","Tennessee",113,56712,0.2
41057,"Tillamook County","Oregon",141,27496,0.51
30095,"Stillwater County","Montana",36,9182,0.39
56019,"Johnson County","Wyoming",27,8686,0.31
36047,"Kings County","New York",9746,2631580,0.37
18125,"Pike County","Indiana",6,12154,0.05
51037,"Charlotte County","Virginia",9,11422,0.08
33005,"Cheshire County","New Hampshire",103,77297,0.13
16007,"Bear Lake County","Idaho",0,6650,0
27115,"Pine County","Minnesota",40,29640,0.13
22045,"Iberia Parish","Louisiana",15,68599,0.02
50021,"Rutland County","Vermont",140,60425,0.23
29055,"Crawford County","Missouri",11,22797,0.05
51159,"Richmond County","Virginia",0,9095,0
41047,"Marion County","Oregon",1508,349244,0.43
53063,"Spokane County","Washington",4028,549056,0.73
22005,"Ascension Parish","Louisiana",222,130314,0.17
21205,"Rowan County","Kentucky",11,24578,0.04
46071,"Jackson County","South Dakota",0,2802,0
24035,"Queen Anne's County","Maryland",97,51825,0.19
32015,"Lander County","Nevada",0,5770,0
05131,"Sebastian County","Arkansas",240,128900,0.19
05019,"Clark County","Arkansas",10,21125,0.05
29095,"Jackson County","Missouri",1420,719976,0.2
22061,"Lincoln Parish","Louisiana",82,48174,0.17
42099,"Perry County","Pennsylvania",65,46239,0.14
20091,"Johnson County","Kansas",2347,620631,0.38
29183,"St. Charles County","Missouri",928,414535,0.22
40089,"McCurtain County","Oklahoma",22,30863,0.07
31131,"Otoe County","Nebraska",25,16241,0.15
54057,"Mineral County","West Virginia",13,26854,0.05
18171,"Warren County","Indiana",0,8464,0
49007,"Carbon County","Utah",9,20517,0.04
12087,"Monroe County","Florida",87,81860,0.11
17149,"Pike County","Illinois",0,14469,0
08115,"Sedgwick County","Colorado",21,2304,0.91
53047,"Okanogan County","Washington",128,43425,0.29
37047,"Columbus County","North Carolina",28,50140,0.06
42101,"Philadelphia County","Pennsylvania",2890,1579706,0.18
56017,"Hot Springs County","Wyoming",0,4620,0
13115,"Floyd County","Georgia",86,99693,0.09
31145,"Red Willow County","Nebraska",0,10557,0
55009,"Brown County","Wisconsin",553,270892,0.2
21045,"Casey County","Kentucky",0,15914,0
21171,"Monroe County","Kentucky",0,11269,0
36037,"Genesee County","New York",43,57787,0.07
47027,"Clay County","Tennessee",0,7670,0
06047,"Merced County","California",1136,290201,0.39
40071,"Kay County","Oklahoma",136,43625,0.31
13205,"Mitchell County","Georgia",14,21058,0.07
21155,"Marion County","Kentucky",14,19749,0.07
42107,"Schuylkill County","Pennsylvania",133,143558,0.09
39145,"Scioto County","Ohio",56,72627,0.08
13127,"Glynn County","Georgia",234,85447,0.27
12057,"Hillsborough County","Florida",3813,1522748,0.25
48249,"Jim Wells County","Texas",12,38850,0.03
26147,"St. Clair County","Michigan",89,160221,0.06
19149,"Plymouth County","Iowa",5,25747,0.02
18173,"Warrick County","Indiana",76,65261,0.12
55103,"Richland County","Wisconsin",19,17205,0.11
40125,"Pottawatomie County","Oklahoma",71,73463,0.1
30009,"Carbon County","Montana",17,11116,0.15
13099,"Early County","Georgia",0,10603,0
33011,"Hillsborough County","New Hampshire",1051,426378,0.25
48097,"Cooke County","Texas",0,43046,0
60020,"Manu'a District","American Samoa",0,0,0
08083,"Montezuma County","Colorado",85,26412,0.32
53015,"Cowlitz County","Washington",466,112360,0.41
22069,"Natchitoches Parish","Louisiana",13,36693,0.04
21085,"Grayson County","Kentucky",0,26707,0
41053,"Polk County","Oregon",479,89662,0.53
02070,"Dillingham Census Area","Alaska",19,4724,0.4
05133,"Sevier County","Arkansas",0,15712,0
47113,"Madison County","Tennessee",146,99295,0.15
25011,"Franklin County","Massachusetts",93,70944,0.13
29133,"Mississippi County","Missouri",0,11902,0
39021,"Champaign County","Ohio",19,38804,0.05
06101,"Sutter County","California",758,98857,0.77
55075,"Marinette County","Wisconsin",163,42046,0.39
19139,"Muscatine County","Iowa",0,42559,0
55109,"St. Croix County","Wisconsin",214,96033,0.22
18147,"Spencer County","Indiana",0,19955,0
42043,"Dauphin County","Pennsylvania",572,289593,0.2
51105,"Lee County","Virginia",0,21900,0
37105,"Lee County","North Carolina",111,65816,0.17
04017,"Navajo County","Arizona",198,108415,0.18
46137,"Ziebach County","South Dakota",0,2377,0
16023,"Butte County","Idaho",0,2684,0
16027,"Canyon County","Idaho",756,250790,0.3
13309,"Wheeler County","Georgia",0,7335,0
05057,"Hempstead County","Arkansas",0,19508,0
05067,"Jackson County","Arkansas",0,16712,0
08067,"La Plata County","Colorado",110,56331,0.2
06039,"Madera County","California",626,160940,0.39
05017,"Chicot County","Arkansas",5,9765,0.05
37079,"Greene County","North Carolina",7,20486,0.03
21033,"Caldwell County","Kentucky",0,12618,0
40113,"Osage County","Oklahoma",21,45997,0.05
51041,"Chesterfield County","Virginia",1185,377869,0.31
54097,"Upshur County","West Virginia",73,23712,0.31
01083,"Limestone County","Alabama",222,111233,0.2
12113,"Santa Rosa County","Florida",1194,198472,0.6
28059,"Jackson County","Mississippi",224,145249,0.15
30061,"Mineral County","Montana",3,4959,0.06
41043,"Linn County","Oregon",613,130706,0.47
51590,"Danville city","Virginia",6,42214,0.01
37115,"Madison County","North Carolina",55,21867,0.25
29163,"Pike County","Missouri",10,17711,0.06
01037,"Coosa County","Alabama",0,10300,0
05135,"Sharp County","Arkansas",16,17773,0.09
41003,"Benton County","Oregon",988,96303,1.03
29207,"Stoddard County","Missouri",2,28470,0.01
05033,"Crawford County","Arkansas",15,61139,0.02
31041,"Custer County","Nebraska",0,10518,0
04012,"La Paz County","Arizona",13,16664,0.08
26093,"Livingston County","Michigan",334,195833,0.17
48379,"Rains County","Texas",3,12775,0.02
30069,"Petroleum County","Montana",3,447,0.67
02195,"Petersburg Borough","Alaska",128,3409,3.75
33009,"Grafton County","New Hampshire",456,92120,0.5
27085,"McLeod County","Minnesota",44,36798,0.12
28113,"Pike County","Mississippi",31,39602,0.08
35049,"Santa Fe County","New Mexico",634,156105,0.41
20197,"Wabaunsee County","Kansas",12,7009,0.17
17055,"Franklin County","Illinois",0,37323,0
48015,"Austin County","Texas",4,31170,0.01
51097,"King and Queen County","Virginia",0,6695,0
29073,"Gasconade County","Missouri",0,14746,0
51147,"Prince Edward County","Virginia",31,21996,0.14
48039,"Brazoria County","Texas",974,391255,0.25
13013,"Barrow County","Georgia",34,89886,0.04
08081,"Moffat County","Colorado",33,13207,0.25
08105,"Rio Grande County","Colorado",12,11321,0.11
06049,"Modoc County","California",19,8600,0.22
48373,"Polk County","Texas",110,52800,0.21
42059,"Greene County","Pennsylvania",74,34835,0.21
54073,"Pleasants County","West Virginia",0,7521,0
13027,"Brooks County","Georgia",138,16293,0.85
30073,"Pondera County","Montana",2,6035,0.03
32021,"Mineral County","Nevada",0,4542,0
53041,"Lewis County","Washington",129,85154,0.15
50007,"Chittenden County","Vermont",479,169758,0.28
35055,"Taos County","New Mexico",96,34543,0.28
48453,"Travis County","Texas",6499,1330015,0.49
35043,"Sandoval County","New Mexico",632,153604,0.41
31083,"Harlan County","Nebraska",26,2847,0.91
08123,"Weld County","Colorado",1349,350396,0.38
13147,"Hart County","Georgia",9,26939,0.03
13259,"Stewart County","Georgia",0,4869,0
13273,"Terrell County","Georgia",0,8850,0
13163,"Jefferson County","Georgia",0,15341,0
30067,"Park County","Montana",51,17710,0.29
28015,"Carroll County","Mississippi",0,9686,0
22093,"St. James Parish","Louisiana",0,19528,0
47035,"Cumberland County","Tennessee",78,63553,0.12
26129,"Ogemaw County","Michigan",15,20885,0.07
38011,"Bowman County","North Dakota",0,2906,0
22091,"St. Helena Parish","Louisiana",0,10858,0
20039,"Decatur County","Kansas",14,2726,0.51
05009,"Boone County","Arkansas",106,38138,0.28
36077,"Otsego County","New York",173,60108,0.29
36001,"Albany County","New York",709,317018,0.22
23015,"Lincoln County","Maine",12,36099,0.03
51650,"Hampton city","Virginia",674,137557,0.49
40031,"Comanche County","Oklahoma",550,121825,0.45
13321,"Worth County","Georgia",0,20451,0
48085,"Collin County","Texas",6110,1163337,0.53
18091,"LaPorte County","Indiana",155,111917,0.14
40147,"Washington County","Oklahoma",74,53326,0.14
38023,"Divide County","North Dakota",29,2167,1.34
16075,"Payette County","Idaho",61,26771,0.23
56013,"Fremont County","Wyoming",19,39533,0.05
42049,"Erie County","Pennsylvania",221,269052,0.08
27121,"Pope County","Minnesota",3,11418,0.03
22025,"Catahoula Parish","Louisiana",0,8583,0
37029,"Camden County","North Carolina",83,10927,0.76
05005,"Baxter County","Arkansas",16,42407,0.04
08101,"Pueblo County","Colorado",396,169356,0.23
37091,"Hertford County","North Carolina",14,19908,0.07
48405,"San Augustine County","Texas",0,7874,0
37013,"Beaufort County","North Carolina",8,44499,0.02
47001,"Anderson County","Tennessee",223,79153,0.28
51011,"Appomattox County","Virginia",59,16610,0.36
72103,"Naguabo Municipio","Puerto Rico",0,23054,0
47119,"Maury County","Tennessee",110,107791,0.1
40151,"Woods County","Oklahoma",5,8596,0.06
31155,"Saunders County","Nebraska",12,23048,0.05
01091,"Marengo County","Alabama",29,18851,0.15
29063,"DeKalb County","Missouri",0,10876,0
51023,"Botetourt County","Virginia",34,34004,0.1
26111,"Midland County","Michigan",217,83757,0.26
36081,"Queens County","New York",9187,2323052,0.4
36085,"Richmond County","New York",504,494956,0.1
05075,"Lawrence County","Arkansas",4,16238,0.02
13241,"Rabun County","Georgia",21,17312,0.12
48203,"Harrison County","Texas",82,70155,0.12
36091,"Saratoga County","New York",435,238284,0.18
55093,"Pierce County","Wisconsin",85,42584,0.2
26097,"Mackinac County","Michigan",41,10957,0.37
18005,"Bartholomew County","Indiana",656,83536,0.79
51013,"Arlington County","Virginia",2224,236254,0.94
27079,"Le Sueur County","Minnesota",68,29113,0.23
22123,"West Carroll Parish","Louisiana",0,9464,0
55013,"Burnett County","Wisconsin",15,16916,0.09
48423,"Smith County","Texas",64,241740,0.03
47055,"Giles County","Tennessee",10,30620,0.03
45089,"Williamsburg County","South Carolina",23,30282,0.08
48229,"Hudspeth County","Texas",0,3403,0
51157,"Rappahannock County","Virginia",29,7427,0.39
40077,"Latimer County","Oklahoma",15,9518,0.16
22125,"West Feliciana Parish","Louisiana",0,15327,0
37103,"Jones County","North Carolina",0,9302,0
51127,"New Kent County","Virginia",115,25105,0.46
37183,"Wake County","North Carolina",3672,1178653,0.31
28141,"Tishomingo County","Mississippi",0,18660,0
13285,"Troup County","Georgia",34,70330,0.05
48103,"Crane County","Texas",0,4610,0
19049,"Dallas County","Iowa",46,107968,0.04
37127,"Nash County","North Carolina",79,96216,0.08
27007,"Beltrami County","Minnesota",57,46512,0.12
51015,"Augusta County","Virginia",117,78033,0.15
51071,"Giles County","Virginia",0,16557,0
72051,"Dorado Municipio","Puerto Rico",0,35810,0
12095,"Orange County","Florida",4160,1471937,0.28
72141,"Utuado Municipio","Puerto Rico",0,27621,0
30053,"Lincoln County","Montana",37,21175,0.17
51051,"Dickenson County","Virginia",0,13733,0
39153,"Summit County","Ohio",873,537864,0.16
08057,"Jackson County","Colorado",0,1372,0
22047,"Iberville Parish","Louisiana",46,29815,0.15
48241,"Jasper County","Texas",54,32727,0.17
47087,"Jackson County","Tennessee",0,12029,0
37171,"Surry County","North Carolina",85,71425,0.12
08025,"Crowley County","Colorado",8,5647,0.14
21191,"Pendleton County","Kentucky",0,14723,0
20209,"Wyandotte County","Kansas",87,167654,0.05
56043,"Washakie County","Wyoming",12,7703,0.16
72131,"San Sebastián Municipio","Puerto Rico",0,39088,0
32031,"Washoe County","Nevada",3449,497200,0.69